source_country_iso3,source_country_name,market_segment,period,year,month,actual_arrivals,coverage_scope
AUS,Australia,Non-ASEAN,2017-03-01,2017,3,25068.0,20 modelled source markets only; NOT all-Malaysia total
AUS,Australia,Non-ASEAN,2017-04-01,2017,4,34996.0,20 modelled source markets only; NOT all-Malaysia total
AUS,Australia,Non-ASEAN,2017-05-01,2017,5,20245.0,20 modelled source markets only; NOT all-Malaysia total
AUS,Australia,Non-ASEAN,2017-06-01,2017,6,25356.0,20 modelled source markets only; NOT all-Malaysia total
AUS,Australia,Non-ASEAN,2017-07-01,2017,7,32963.0,20 modelled source markets only; NOT all-Malaysia total
AUS,Australia,Non-ASEAN,2017-08-01,2017,8,23828.0,20 modelled source markets only; NOT all-Malaysia total
AUS,Australia,Non-ASEAN,2017-09-01,2017,9,31265.0,20 modelled source markets only; NOT all-Malaysia total
AUS,Australia,Non-ASEAN,2017-10-01,2017,10,29160.0,20 modelled source markets only; NOT all-Malaysia total
AUS,Australia,Non-ASEAN,2017-11-01,2017,11,30919.0,20 modelled source markets only; NOT all-Malaysia total
AUS,Australia,Non-ASEAN,2017-12-01,2017,12,32773.0,20 modelled source markets only; NOT all-Malaysia total
AUS,Australia,Non-ASEAN,2018-01-01,2018,1,37869.0,20 modelled source markets only; NOT all-Malaysia total
AUS,Australia,Non-ASEAN,2018-02-01,2018,2,24070.0,20 modelled source markets only; NOT all-Malaysia total
AUS,Australia,Non-ASEAN,2018-03-01,2018,3,27332.0,20 modelled source markets only; NOT all-Malaysia total
AUS,Australia,Non-ASEAN,2018-04-01,2018,4,29415.0,20 modelled source markets only; NOT all-Malaysia total
AUS,Australia,Non-ASEAN,2018-05-01,2018,5,22561.0,20 modelled source markets only; NOT all-Malaysia total
AUS,Australia,Non-ASEAN,2018-06-01,2018,6,25868.0,20 modelled source markets only; NOT all-Malaysia total
AUS,Australia,Non-ASEAN,2018-07-01,2018,7,35636.0,20 modelled source markets only; NOT all-Malaysia total
AUS,Australia,Non-ASEAN,2018-08-01,2018,8,25428.0,20 modelled source markets only; NOT all-Malaysia total
AUS,Australia,Non-ASEAN,2018-09-01,2018,9,29831.0,20 modelled source markets only; NOT all-Malaysia total
AUS,Australia,Non-ASEAN,2018-10-01,2018,10,30080.0,20 modelled source markets only; NOT all-Malaysia total
AUS,Australia,Non-ASEAN,2018-11-01,2018,11,26093.0,20 modelled source markets only; NOT all-Malaysia total
AUS,Australia,Non-ASEAN,2018-12-01,2018,12,37317.0,20 modelled source markets only; NOT all-Malaysia total
AUS,Australia,Non-ASEAN,2019-01-01,2019,1,39183.0,20 modelled source markets only; NOT all-Malaysia total
AUS,Australia,Non-ASEAN,2019-02-01,2019,2,24602.0,20 modelled source markets only; NOT all-Malaysia total
AUS,Australia,Non-ASEAN,2019-03-01,2019,3,25614.0,20 modelled source markets only; NOT all-Malaysia total
AUS,Australia,Non-ASEAN,2019-04-01,2019,4,38064.0,20 modelled source markets only; NOT all-Malaysia total
AUS,Australia,Non-ASEAN,2019-05-01,2019,5,22907.0,20 modelled source markets only; NOT all-Malaysia total
AUS,Australia,Non-ASEAN,2019-06-01,2019,6,27253.0,20 modelled source markets only; NOT all-Malaysia total
AUS,Australia,Non-ASEAN,2019-07-01,2019,7,36822.0,20 modelled source markets only; NOT all-Malaysia total
AUS,Australia,Non-ASEAN,2019-08-01,2019,8,27299.0,20 modelled source markets only; NOT all-Malaysia total
AUS,Australia,Non-ASEAN,2019-09-01,2019,9,30057.0,20 modelled source markets only; NOT all-Malaysia total
AUS,Australia,Non-ASEAN,2019-10-01,2019,10,32075.0,20 modelled source markets only; NOT all-Malaysia total
AUS,Australia,Non-ASEAN,2019-11-01,2019,11,27556.0,20 modelled source markets only; NOT all-Malaysia total
AUS,Australia,Non-ASEAN,2019-12-01,2019,12,36839.0,20 modelled source markets only; NOT all-Malaysia total
AUS,Australia,Non-ASEAN,2020-01-01,2020,1,45089.0,20 modelled source markets only; NOT all-Malaysia total
AUS,Australia,Non-ASEAN,2020-02-01,2020,2,19330.0,20 modelled source markets only; NOT all-Malaysia total
AUS,Australia,Non-ASEAN,2020-03-01,2020,3,7628.0,20 modelled source markets only; NOT all-Malaysia total
AUS,Australia,Non-ASEAN,2020-04-01,2020,4,9.0,20 modelled source markets only; NOT all-Malaysia total
AUS,Australia,Non-ASEAN,2020-05-01,2020,5,25.0,20 modelled source markets only; NOT all-Malaysia total
AUS,Australia,Non-ASEAN,2020-06-01,2020,6,22.0,20 modelled source markets only; NOT all-Malaysia total
AUS,Australia,Non-ASEAN,2020-07-01,2020,7,53.0,20 modelled source markets only; NOT all-Malaysia total
AUS,Australia,Non-ASEAN,2020-08-01,2020,8,69.0,20 modelled source markets only; NOT all-Malaysia total
AUS,Australia,Non-ASEAN,2020-09-01,2020,9,144.0,20 modelled source markets only; NOT all-Malaysia total
AUS,Australia,Non-ASEAN,2020-10-01,2020,10,78.0,20 modelled source markets only; NOT all-Malaysia total
AUS,Australia,Non-ASEAN,2020-11-01,2020,11,148.0,20 modelled source markets only; NOT all-Malaysia total
AUS,Australia,Non-ASEAN,2020-12-01,2020,12,85.0,20 modelled source markets only; NOT all-Malaysia total
AUS,Australia,Non-ASEAN,2021-01-01,2021,1,84.0,20 modelled source markets only; NOT all-Malaysia total
AUS,Australia,Non-ASEAN,2021-02-01,2021,2,61.0,20 modelled source markets only; NOT all-Malaysia total
AUS,Australia,Non-ASEAN,2021-03-01,2021,3,55.0,20 modelled source markets only; NOT all-Malaysia total
AUS,Australia,Non-ASEAN,2021-04-01,2021,4,70.0,20 modelled source markets only; NOT all-Malaysia total
AUS,Australia,Non-ASEAN,2021-05-01,2021,5,48.0,20 modelled source markets only; NOT all-Malaysia total
AUS,Australia,Non-ASEAN,2021-06-01,2021,6,44.0,20 modelled source markets only; NOT all-Malaysia total
AUS,Australia,Non-ASEAN,2021-07-01,2021,7,60.0,20 modelled source markets only; NOT all-Malaysia total
AUS,Australia,Non-ASEAN,2021-08-01,2021,8,74.0,20 modelled source markets only; NOT all-Malaysia total
AUS,Australia,Non-ASEAN,2021-09-01,2021,9,62.0,20 modelled source markets only; NOT all-Malaysia total
AUS,Australia,Non-ASEAN,2021-10-01,2021,10,82.0,20 modelled source markets only; NOT all-Malaysia total
AUS,Australia,Non-ASEAN,2021-11-01,2021,11,181.0,20 modelled source markets only; NOT all-Malaysia total
AUS,Australia,Non-ASEAN,2021-12-01,2021,12,500.0,20 modelled source markets only; NOT all-Malaysia total
AUS,Australia,Non-ASEAN,2022-01-01,2022,1,558.0,20 modelled source markets only; NOT all-Malaysia total
AUS,Australia,Non-ASEAN,2022-02-01,2022,2,433.0,20 modelled source markets only; NOT all-Malaysia total
AUS,Australia,Non-ASEAN,2022-03-01,2022,3,625.0,20 modelled source markets only; NOT all-Malaysia total
AUS,Australia,Non-ASEAN,2022-04-01,2022,4,6275.0,20 modelled source markets only; NOT all-Malaysia total
AUS,Australia,Non-ASEAN,2022-05-01,2022,5,7987.0,20 modelled source markets only; NOT all-Malaysia total
AUS,Australia,Non-ASEAN,2022-06-01,2022,6,11612.0,20 modelled source markets only; NOT all-Malaysia total
AUS,Australia,Non-ASEAN,2022-07-01,2022,7,16030.0,20 modelled source markets only; NOT all-Malaysia total
AUS,Australia,Non-ASEAN,2022-08-01,2022,8,14169.0,20 modelled source markets only; NOT all-Malaysia total
AUS,Australia,Non-ASEAN,2022-09-01,2022,9,18463.0,20 modelled source markets only; NOT all-Malaysia total
AUS,Australia,Non-ASEAN,2022-10-01,2022,10,20565.0,20 modelled source markets only; NOT all-Malaysia total
AUS,Australia,Non-ASEAN,2022-11-01,2022,11,21092.0,20 modelled source markets only; NOT all-Malaysia total
AUS,Australia,Non-ASEAN,2022-12-01,2022,12,34456.0,20 modelled source markets only; NOT all-Malaysia total
AUS,Australia,Non-ASEAN,2023-01-01,2023,1,35249.0,20 modelled source markets only; NOT all-Malaysia total
AUS,Australia,Non-ASEAN,2023-02-01,2023,2,19098.0,20 modelled source markets only; NOT all-Malaysia total
AUS,Australia,Non-ASEAN,2023-03-01,2023,3,22454.0,20 modelled source markets only; NOT all-Malaysia total
AUS,Australia,Non-ASEAN,2023-04-01,2023,4,28098.0,20 modelled source markets only; NOT all-Malaysia total
AUS,Australia,Non-ASEAN,2023-05-01,2023,5,21876.0,20 modelled source markets only; NOT all-Malaysia total
AUS,Australia,Non-ASEAN,2023-06-01,2023,6,22509.0,20 modelled source markets only; NOT all-Malaysia total
AUS,Australia,Non-ASEAN,2023-07-01,2023,7,32295.0,20 modelled source markets only; NOT all-Malaysia total
AUS,Australia,Non-ASEAN,2023-08-01,2023,8,23949.0,20 modelled source markets only; NOT all-Malaysia total
AUS,Australia,Non-ASEAN,2023-09-01,2023,9,33459.0,20 modelled source markets only; NOT all-Malaysia total
AUS,Australia,Non-ASEAN,2023-10-01,2023,10,27520.0,20 modelled source markets only; NOT all-Malaysia total
AUS,Australia,Non-ASEAN,2023-11-01,2023,11,29652.0,20 modelled source markets only; NOT all-Malaysia total
AUS,Australia,Non-ASEAN,2023-12-01,2023,12,47279.0,20 modelled source markets only; NOT all-Malaysia total
AUS,Australia,Non-ASEAN,2024-01-01,2024,1,41002.0,20 modelled source markets only; NOT all-Malaysia total
AUS,Australia,Non-ASEAN,2024-02-01,2024,2,25843.0,20 modelled source markets only; NOT all-Malaysia total
AUS,Australia,Non-ASEAN,2024-03-01,2024,3,29280.0,20 modelled source markets only; NOT all-Malaysia total
AUS,Australia,Non-ASEAN,2024-04-01,2024,4,27408.0,20 modelled source markets only; NOT all-Malaysia total
AUS,Australia,Non-ASEAN,2024-05-01,2024,5,22655.0,20 modelled source markets only; NOT all-Malaysia total
AUS,Australia,Non-ASEAN,2024-06-01,2024,6,32743.0,20 modelled source markets only; NOT all-Malaysia total
AUS,Australia,Non-ASEAN,2024-07-01,2024,7,35097.0,20 modelled source markets only; NOT all-Malaysia total
AUS,Australia,Non-ASEAN,2024-08-01,2024,8,25738.0,20 modelled source markets only; NOT all-Malaysia total
AUS,Australia,Non-ASEAN,2024-09-01,2024,9,31087.0,20 modelled source markets only; NOT all-Malaysia total
AUS,Australia,Non-ASEAN,2024-10-01,2024,10,33204.0,20 modelled source markets only; NOT all-Malaysia total
AUS,Australia,Non-ASEAN,2024-11-01,2024,11,27817.0,20 modelled source markets only; NOT all-Malaysia total
AUS,Australia,Non-ASEAN,2024-12-01,2024,12,50754.0,20 modelled source markets only; NOT all-Malaysia total
AUS,Australia,Non-ASEAN,2025-01-01,2025,1,54627.0,20 modelled source markets only; NOT all-Malaysia total
AUS,Australia,Non-ASEAN,2025-02-01,2025,2,24737.0,20 modelled source markets only; NOT all-Malaysia total
AUS,Australia,Non-ASEAN,2025-03-01,2025,3,24986.0,20 modelled source markets only; NOT all-Malaysia total
AUS,Australia,Non-ASEAN,2025-04-01,2025,4,37823.0,20 modelled source markets only; NOT all-Malaysia total
AUS,Australia,Non-ASEAN,2025-05-01,2025,5,25442.0,20 modelled source markets only; NOT all-Malaysia total
AUS,Australia,Non-ASEAN,2025-06-01,2025,6,28843.0,20 modelled source markets only; NOT all-Malaysia total
AUS,Australia,Non-ASEAN,2025-07-01,2025,7,40208.0,20 modelled source markets only; NOT all-Malaysia total
AUS,Australia,Non-ASEAN,2025-08-01,2025,8,26531.0,20 modelled source markets only; NOT all-Malaysia total
AUS,Australia,Non-ASEAN,2025-09-01,2025,9,31487.0,20 modelled source markets only; NOT all-Malaysia total
AUS,Australia,Non-ASEAN,2025-10-01,2025,10,35261.0,20 modelled source markets only; NOT all-Malaysia total
AUS,Australia,Non-ASEAN,2025-11-01,2025,11,35859.0,20 modelled source markets only; NOT all-Malaysia total
AUS,Australia,Non-ASEAN,2025-12-01,2025,12,54880.0,20 modelled source markets only; NOT all-Malaysia total
AUS,Australia,Non-ASEAN,2026-01-01,2026,1,52275.0,20 modelled source markets only; NOT all-Malaysia total
AUS,Australia,Non-ASEAN,2026-02-01,2026,2,30239.0,20 modelled source markets only; NOT all-Malaysia total
AUS,Australia,Non-ASEAN,2026-03-01,2026,3,31398.0,20 modelled source markets only; NOT all-Malaysia total
AUS,Australia,Non-ASEAN,2026-04-01,2026,4,38237.0,20 modelled source markets only; NOT all-Malaysia total
AUS,Australia,Non-ASEAN,2026-05-01,2026,5,25731.0,20 modelled source markets only; NOT all-Malaysia total
BGD,Bangladesh,Non-ASEAN,2017-03-01,2017,3,9915.0,20 modelled source markets only; NOT all-Malaysia total
BGD,Bangladesh,Non-ASEAN,2017-04-01,2017,4,10755.0,20 modelled source markets only; NOT all-Malaysia total
BGD,Bangladesh,Non-ASEAN,2017-05-01,2017,5,9135.0,20 modelled source markets only; NOT all-Malaysia total
BGD,Bangladesh,Non-ASEAN,2017-06-01,2017,6,10380.0,20 modelled source markets only; NOT all-Malaysia total
BGD,Bangladesh,Non-ASEAN,2017-07-01,2017,7,10225.0,20 modelled source markets only; NOT all-Malaysia total
BGD,Bangladesh,Non-ASEAN,2017-08-01,2017,8,7942.0,20 modelled source markets only; NOT all-Malaysia total
BGD,Bangladesh,Non-ASEAN,2017-09-01,2017,9,9007.0,20 modelled source markets only; NOT all-Malaysia total
BGD,Bangladesh,Non-ASEAN,2017-10-01,2017,10,6971.0,20 modelled source markets only; NOT all-Malaysia total
BGD,Bangladesh,Non-ASEAN,2017-11-01,2017,11,6298.0,20 modelled source markets only; NOT all-Malaysia total
BGD,Bangladesh,Non-ASEAN,2017-12-01,2017,12,10168.0,20 modelled source markets only; NOT all-Malaysia total
BGD,Bangladesh,Non-ASEAN,2018-01-01,2018,1,14064.0,20 modelled source markets only; NOT all-Malaysia total
BGD,Bangladesh,Non-ASEAN,2018-02-01,2018,2,13313.0,20 modelled source markets only; NOT all-Malaysia total
BGD,Bangladesh,Non-ASEAN,2018-03-01,2018,3,11289.0,20 modelled source markets only; NOT all-Malaysia total
BGD,Bangladesh,Non-ASEAN,2018-04-01,2018,4,9802.0,20 modelled source markets only; NOT all-Malaysia total
BGD,Bangladesh,Non-ASEAN,2018-05-01,2018,5,12534.0,20 modelled source markets only; NOT all-Malaysia total
BGD,Bangladesh,Non-ASEAN,2018-06-01,2018,6,11871.0,20 modelled source markets only; NOT all-Malaysia total
BGD,Bangladesh,Non-ASEAN,2018-07-01,2018,7,10937.0,20 modelled source markets only; NOT all-Malaysia total
BGD,Bangladesh,Non-ASEAN,2018-08-01,2018,8,11928.0,20 modelled source markets only; NOT all-Malaysia total
BGD,Bangladesh,Non-ASEAN,2018-09-01,2018,9,12940.0,20 modelled source markets only; NOT all-Malaysia total
BGD,Bangladesh,Non-ASEAN,2018-10-01,2018,10,18374.0,20 modelled source markets only; NOT all-Malaysia total
BGD,Bangladesh,Non-ASEAN,2018-11-01,2018,11,12571.0,20 modelled source markets only; NOT all-Malaysia total
BGD,Bangladesh,Non-ASEAN,2018-12-01,2018,12,10431.0,20 modelled source markets only; NOT all-Malaysia total
BGD,Bangladesh,Non-ASEAN,2019-01-01,2019,1,13525.0,20 modelled source markets only; NOT all-Malaysia total
BGD,Bangladesh,Non-ASEAN,2019-02-01,2019,2,13743.0,20 modelled source markets only; NOT all-Malaysia total
BGD,Bangladesh,Non-ASEAN,2019-03-01,2019,3,11263.0,20 modelled source markets only; NOT all-Malaysia total
BGD,Bangladesh,Non-ASEAN,2019-04-01,2019,4,10740.0,20 modelled source markets only; NOT all-Malaysia total
BGD,Bangladesh,Non-ASEAN,2019-05-01,2019,5,8818.0,20 modelled source markets only; NOT all-Malaysia total
BGD,Bangladesh,Non-ASEAN,2019-06-01,2019,6,13104.0,20 modelled source markets only; NOT all-Malaysia total
BGD,Bangladesh,Non-ASEAN,2019-07-01,2019,7,11051.0,20 modelled source markets only; NOT all-Malaysia total
BGD,Bangladesh,Non-ASEAN,2019-08-01,2019,8,16595.0,20 modelled source markets only; NOT all-Malaysia total
BGD,Bangladesh,Non-ASEAN,2019-09-01,2019,9,21918.0,20 modelled source markets only; NOT all-Malaysia total
BGD,Bangladesh,Non-ASEAN,2019-10-01,2019,10,23716.0,20 modelled source markets only; NOT all-Malaysia total
BGD,Bangladesh,Non-ASEAN,2019-11-01,2019,11,20449.0,20 modelled source markets only; NOT all-Malaysia total
BGD,Bangladesh,Non-ASEAN,2019-12-01,2019,12,14078.0,20 modelled source markets only; NOT all-Malaysia total
BGD,Bangladesh,Non-ASEAN,2020-01-01,2020,1,9342.0,20 modelled source markets only; NOT all-Malaysia total
BGD,Bangladesh,Non-ASEAN,2020-02-01,2020,2,6026.0,20 modelled source markets only; NOT all-Malaysia total
BGD,Bangladesh,Non-ASEAN,2020-03-01,2020,3,1841.0,20 modelled source markets only; NOT all-Malaysia total
BGD,Bangladesh,Non-ASEAN,2020-04-01,2020,4,0.0,20 modelled source markets only; NOT all-Malaysia total
BGD,Bangladesh,Non-ASEAN,2020-05-01,2020,5,10.0,20 modelled source markets only; NOT all-Malaysia total
BGD,Bangladesh,Non-ASEAN,2020-06-01,2020,6,36.0,20 modelled source markets only; NOT all-Malaysia total
BGD,Bangladesh,Non-ASEAN,2020-07-01,2020,7,67.0,20 modelled source markets only; NOT all-Malaysia total
BGD,Bangladesh,Non-ASEAN,2020-08-01,2020,8,94.0,20 modelled source markets only; NOT all-Malaysia total
BGD,Bangladesh,Non-ASEAN,2020-09-01,2020,9,91.0,20 modelled source markets only; NOT all-Malaysia total
BGD,Bangladesh,Non-ASEAN,2020-10-01,2020,10,35.0,20 modelled source markets only; NOT all-Malaysia total
BGD,Bangladesh,Non-ASEAN,2020-11-01,2020,11,49.0,20 modelled source markets only; NOT all-Malaysia total
BGD,Bangladesh,Non-ASEAN,2020-12-01,2020,12,43.0,20 modelled source markets only; NOT all-Malaysia total
BGD,Bangladesh,Non-ASEAN,2021-01-01,2021,1,67.0,20 modelled source markets only; NOT all-Malaysia total
BGD,Bangladesh,Non-ASEAN,2021-02-01,2021,2,91.0,20 modelled source markets only; NOT all-Malaysia total
BGD,Bangladesh,Non-ASEAN,2021-03-01,2021,3,61.0,20 modelled source markets only; NOT all-Malaysia total
BGD,Bangladesh,Non-ASEAN,2021-04-01,2021,4,71.0,20 modelled source markets only; NOT all-Malaysia total
BGD,Bangladesh,Non-ASEAN,2021-05-01,2021,5,18.0,20 modelled source markets only; NOT all-Malaysia total
BGD,Bangladesh,Non-ASEAN,2021-06-01,2021,6,4.0,20 modelled source markets only; NOT all-Malaysia total
BGD,Bangladesh,Non-ASEAN,2021-07-01,2021,7,8.0,20 modelled source markets only; NOT all-Malaysia total
BGD,Bangladesh,Non-ASEAN,2021-08-01,2021,8,8.0,20 modelled source markets only; NOT all-Malaysia total
BGD,Bangladesh,Non-ASEAN,2021-09-01,2021,9,26.0,20 modelled source markets only; NOT all-Malaysia total
BGD,Bangladesh,Non-ASEAN,2021-10-01,2021,10,76.0,20 modelled source markets only; NOT all-Malaysia total
BGD,Bangladesh,Non-ASEAN,2021-11-01,2021,11,208.0,20 modelled source markets only; NOT all-Malaysia total
BGD,Bangladesh,Non-ASEAN,2021-12-01,2021,12,871.0,20 modelled source markets only; NOT all-Malaysia total
BGD,Bangladesh,Non-ASEAN,2022-01-01,2022,1,866.0,20 modelled source markets only; NOT all-Malaysia total
BGD,Bangladesh,Non-ASEAN,2022-02-01,2022,2,794.0,20 modelled source markets only; NOT all-Malaysia total
BGD,Bangladesh,Non-ASEAN,2022-03-01,2022,3,1067.0,20 modelled source markets only; NOT all-Malaysia total
BGD,Bangladesh,Non-ASEAN,2022-04-01,2022,4,2469.0,20 modelled source markets only; NOT all-Malaysia total
BGD,Bangladesh,Non-ASEAN,2022-05-01,2022,5,3452.0,20 modelled source markets only; NOT all-Malaysia total
BGD,Bangladesh,Non-ASEAN,2022-06-01,2022,6,3947.0,20 modelled source markets only; NOT all-Malaysia total
BGD,Bangladesh,Non-ASEAN,2022-07-01,2022,7,6774.0,20 modelled source markets only; NOT all-Malaysia total
BGD,Bangladesh,Non-ASEAN,2022-08-01,2022,8,6897.0,20 modelled source markets only; NOT all-Malaysia total
BGD,Bangladesh,Non-ASEAN,2022-09-01,2022,9,7056.0,20 modelled source markets only; NOT all-Malaysia total
BGD,Bangladesh,Non-ASEAN,2022-10-01,2022,10,7832.0,20 modelled source markets only; NOT all-Malaysia total
BGD,Bangladesh,Non-ASEAN,2022-11-01,2022,11,6888.0,20 modelled source markets only; NOT all-Malaysia total
BGD,Bangladesh,Non-ASEAN,2022-12-01,2022,12,10991.0,20 modelled source markets only; NOT all-Malaysia total
BGD,Bangladesh,Non-ASEAN,2023-01-01,2023,1,15909.0,20 modelled source markets only; NOT all-Malaysia total
BGD,Bangladesh,Non-ASEAN,2023-02-01,2023,2,14292.0,20 modelled source markets only; NOT all-Malaysia total
BGD,Bangladesh,Non-ASEAN,2023-03-01,2023,3,17017.0,20 modelled source markets only; NOT all-Malaysia total
BGD,Bangladesh,Non-ASEAN,2023-04-01,2023,4,11718.0,20 modelled source markets only; NOT all-Malaysia total
BGD,Bangladesh,Non-ASEAN,2023-05-01,2023,5,11162.0,20 modelled source markets only; NOT all-Malaysia total
BGD,Bangladesh,Non-ASEAN,2023-06-01,2023,6,11630.0,20 modelled source markets only; NOT all-Malaysia total
BGD,Bangladesh,Non-ASEAN,2023-07-01,2023,7,10475.0,20 modelled source markets only; NOT all-Malaysia total
BGD,Bangladesh,Non-ASEAN,2023-08-01,2023,8,12697.0,20 modelled source markets only; NOT all-Malaysia total
BGD,Bangladesh,Non-ASEAN,2023-09-01,2023,9,10428.0,20 modelled source markets only; NOT all-Malaysia total
BGD,Bangladesh,Non-ASEAN,2023-10-01,2023,10,9428.0,20 modelled source markets only; NOT all-Malaysia total
BGD,Bangladesh,Non-ASEAN,2023-11-01,2023,11,8336.0,20 modelled source markets only; NOT all-Malaysia total
BGD,Bangladesh,Non-ASEAN,2023-12-01,2023,12,9656.0,20 modelled source markets only; NOT all-Malaysia total
BGD,Bangladesh,Non-ASEAN,2024-01-01,2024,1,10591.0,20 modelled source markets only; NOT all-Malaysia total
BGD,Bangladesh,Non-ASEAN,2024-02-01,2024,2,11704.0,20 modelled source markets only; NOT all-Malaysia total
BGD,Bangladesh,Non-ASEAN,2024-03-01,2024,3,8554.0,20 modelled source markets only; NOT all-Malaysia total
BGD,Bangladesh,Non-ASEAN,2024-04-01,2024,4,9968.0,20 modelled source markets only; NOT all-Malaysia total
BGD,Bangladesh,Non-ASEAN,2024-05-01,2024,5,9380.0,20 modelled source markets only; NOT all-Malaysia total
BGD,Bangladesh,Non-ASEAN,2024-06-01,2024,6,13230.0,20 modelled source markets only; NOT all-Malaysia total
BGD,Bangladesh,Non-ASEAN,2024-07-01,2024,7,8853.0,20 modelled source markets only; NOT all-Malaysia total
BGD,Bangladesh,Non-ASEAN,2024-08-01,2024,8,11542.0,20 modelled source markets only; NOT all-Malaysia total
BGD,Bangladesh,Non-ASEAN,2024-09-01,2024,9,11316.0,20 modelled source markets only; NOT all-Malaysia total
BGD,Bangladesh,Non-ASEAN,2024-10-01,2024,10,14909.0,20 modelled source markets only; NOT all-Malaysia total
BGD,Bangladesh,Non-ASEAN,2024-11-01,2024,11,14729.0,20 modelled source markets only; NOT all-Malaysia total
BGD,Bangladesh,Non-ASEAN,2024-12-01,2024,12,19143.0,20 modelled source markets only; NOT all-Malaysia total
BGD,Bangladesh,Non-ASEAN,2025-01-01,2025,1,28256.0,20 modelled source markets only; NOT all-Malaysia total
BGD,Bangladesh,Non-ASEAN,2025-02-01,2025,2,19047.0,20 modelled source markets only; NOT all-Malaysia total
BGD,Bangladesh,Non-ASEAN,2025-03-01,2025,3,20737.0,20 modelled source markets only; NOT all-Malaysia total
BGD,Bangladesh,Non-ASEAN,2025-04-01,2025,4,21225.0,20 modelled source markets only; NOT all-Malaysia total
BGD,Bangladesh,Non-ASEAN,2025-05-01,2025,5,21446.0,20 modelled source markets only; NOT all-Malaysia total
BGD,Bangladesh,Non-ASEAN,2025-06-01,2025,6,24599.0,20 modelled source markets only; NOT all-Malaysia total
BGD,Bangladesh,Non-ASEAN,2025-07-01,2025,7,29876.0,20 modelled source markets only; NOT all-Malaysia total
BGD,Bangladesh,Non-ASEAN,2025-08-01,2025,8,16550.0,20 modelled source markets only; NOT all-Malaysia total
BGD,Bangladesh,Non-ASEAN,2025-09-01,2025,9,17365.0,20 modelled source markets only; NOT all-Malaysia total
BGD,Bangladesh,Non-ASEAN,2025-10-01,2025,10,18719.0,20 modelled source markets only; NOT all-Malaysia total
BGD,Bangladesh,Non-ASEAN,2025-11-01,2025,11,17403.0,20 modelled source markets only; NOT all-Malaysia total
BGD,Bangladesh,Non-ASEAN,2025-12-01,2025,12,17078.0,20 modelled source markets only; NOT all-Malaysia total
BGD,Bangladesh,Non-ASEAN,2026-01-01,2026,1,17059.0,20 modelled source markets only; NOT all-Malaysia total
BGD,Bangladesh,Non-ASEAN,2026-02-01,2026,2,12442.0,20 modelled source markets only; NOT all-Malaysia total
BGD,Bangladesh,Non-ASEAN,2026-03-01,2026,3,17191.0,20 modelled source markets only; NOT all-Malaysia total
BGD,Bangladesh,Non-ASEAN,2026-04-01,2026,4,12813.0,20 modelled source markets only; NOT all-Malaysia total
BGD,Bangladesh,Non-ASEAN,2026-05-01,2026,5,14449.0,20 modelled source markets only; NOT all-Malaysia total
BRN,Brunei,ASEAN,2017-03-01,2017,3,193307.0,20 modelled source markets only; NOT all-Malaysia total
BRN,Brunei,ASEAN,2017-04-01,2017,4,160572.0,20 modelled source markets only; NOT all-Malaysia total
BRN,Brunei,ASEAN,2017-05-01,2017,5,113252.0,20 modelled source markets only; NOT all-Malaysia total
BRN,Brunei,ASEAN,2017-06-01,2017,6,144717.0,20 modelled source markets only; NOT all-Malaysia total
BRN,Brunei,ASEAN,2017-07-01,2017,7,130810.0,20 modelled source markets only; NOT all-Malaysia total
BRN,Brunei,ASEAN,2017-08-01,2017,8,133812.0,20 modelled source markets only; NOT all-Malaysia total
BRN,Brunei,ASEAN,2017-09-01,2017,9,146090.0,20 modelled source markets only; NOT all-Malaysia total
BRN,Brunei,ASEAN,2017-10-01,2017,10,103072.0,20 modelled source markets only; NOT all-Malaysia total
BRN,Brunei,ASEAN,2017-11-01,2017,11,107968.0,20 modelled source markets only; NOT all-Malaysia total
BRN,Brunei,ASEAN,2017-12-01,2017,12,152617.0,20 modelled source markets only; NOT all-Malaysia total
BRN,Brunei,ASEAN,2018-01-01,2018,1,113191.0,20 modelled source markets only; NOT all-Malaysia total
BRN,Brunei,ASEAN,2018-02-01,2018,2,102707.0,20 modelled source markets only; NOT all-Malaysia total
BRN,Brunei,ASEAN,2018-03-01,2018,3,140798.0,20 modelled source markets only; NOT all-Malaysia total
BRN,Brunei,ASEAN,2018-04-01,2018,4,111035.0,20 modelled source markets only; NOT all-Malaysia total
BRN,Brunei,ASEAN,2018-05-01,2018,5,113471.0,20 modelled source markets only; NOT all-Malaysia total
BRN,Brunei,ASEAN,2018-06-01,2018,6,131344.0,20 modelled source markets only; NOT all-Malaysia total
BRN,Brunei,ASEAN,2018-07-01,2018,7,101354.0,20 modelled source markets only; NOT all-Malaysia total
BRN,Brunei,ASEAN,2018-08-01,2018,8,107331.0,20 modelled source markets only; NOT all-Malaysia total
BRN,Brunei,ASEAN,2018-09-01,2018,9,134492.0,20 modelled source markets only; NOT all-Malaysia total
BRN,Brunei,ASEAN,2018-10-01,2018,10,100186.0,20 modelled source markets only; NOT all-Malaysia total
BRN,Brunei,ASEAN,2018-11-01,2018,11,108822.0,20 modelled source markets only; NOT all-Malaysia total
BRN,Brunei,ASEAN,2018-12-01,2018,12,117300.0,20 modelled source markets only; NOT all-Malaysia total
BRN,Brunei,ASEAN,2019-01-01,2019,1,89833.0,20 modelled source markets only; NOT all-Malaysia total
BRN,Brunei,ASEAN,2019-02-01,2019,2,102571.0,20 modelled source markets only; NOT all-Malaysia total
BRN,Brunei,ASEAN,2019-03-01,2019,3,126620.0,20 modelled source markets only; NOT all-Malaysia total
BRN,Brunei,ASEAN,2019-04-01,2019,4,91213.0,20 modelled source markets only; NOT all-Malaysia total
BRN,Brunei,ASEAN,2019-05-01,2019,5,110876.0,20 modelled source markets only; NOT all-Malaysia total
BRN,Brunei,ASEAN,2019-06-01,2019,6,105999.0,20 modelled source markets only; NOT all-Malaysia total
BRN,Brunei,ASEAN,2019-07-01,2019,7,102136.0,20 modelled source markets only; NOT all-Malaysia total
BRN,Brunei,ASEAN,2019-08-01,2019,8,94514.0,20 modelled source markets only; NOT all-Malaysia total
BRN,Brunei,ASEAN,2019-09-01,2019,9,106027.0,20 modelled source markets only; NOT all-Malaysia total
BRN,Brunei,ASEAN,2019-10-01,2019,10,83926.0,20 modelled source markets only; NOT all-Malaysia total
BRN,Brunei,ASEAN,2019-11-01,2019,11,93551.0,20 modelled source markets only; NOT all-Malaysia total
BRN,Brunei,ASEAN,2019-12-01,2019,12,108857.0,20 modelled source markets only; NOT all-Malaysia total
BRN,Brunei,ASEAN,2020-01-01,2020,1,69885.0,20 modelled source markets only; NOT all-Malaysia total
BRN,Brunei,ASEAN,2020-02-01,2020,2,45998.0,20 modelled source markets only; NOT all-Malaysia total
BRN,Brunei,ASEAN,2020-03-01,2020,3,19529.0,20 modelled source markets only; NOT all-Malaysia total
BRN,Brunei,ASEAN,2020-04-01,2020,4,32.0,20 modelled source markets only; NOT all-Malaysia total
BRN,Brunei,ASEAN,2020-05-01,2020,5,39.0,20 modelled source markets only; NOT all-Malaysia total
BRN,Brunei,ASEAN,2020-06-01,2020,6,110.0,20 modelled source markets only; NOT all-Malaysia total
BRN,Brunei,ASEAN,2020-07-01,2020,7,59.0,20 modelled source markets only; NOT all-Malaysia total
BRN,Brunei,ASEAN,2020-08-01,2020,8,44.0,20 modelled source markets only; NOT all-Malaysia total
BRN,Brunei,ASEAN,2020-09-01,2020,9,152.0,20 modelled source markets only; NOT all-Malaysia total
BRN,Brunei,ASEAN,2020-10-01,2020,10,58.0,20 modelled source markets only; NOT all-Malaysia total
BRN,Brunei,ASEAN,2020-11-01,2020,11,48.0,20 modelled source markets only; NOT all-Malaysia total
BRN,Brunei,ASEAN,2020-12-01,2020,12,66.0,20 modelled source markets only; NOT all-Malaysia total
BRN,Brunei,ASEAN,2021-01-01,2021,1,34.0,20 modelled source markets only; NOT all-Malaysia total
BRN,Brunei,ASEAN,2021-02-01,2021,2,50.0,20 modelled source markets only; NOT all-Malaysia total
BRN,Brunei,ASEAN,2021-03-01,2021,3,101.0,20 modelled source markets only; NOT all-Malaysia total
BRN,Brunei,ASEAN,2021-04-01,2021,4,75.0,20 modelled source markets only; NOT all-Malaysia total
BRN,Brunei,ASEAN,2021-05-01,2021,5,80.0,20 modelled source markets only; NOT all-Malaysia total
BRN,Brunei,ASEAN,2021-06-01,2021,6,52.0,20 modelled source markets only; NOT all-Malaysia total
BRN,Brunei,ASEAN,2021-07-01,2021,7,72.0,20 modelled source markets only; NOT all-Malaysia total
BRN,Brunei,ASEAN,2021-08-01,2021,8,66.0,20 modelled source markets only; NOT all-Malaysia total
BRN,Brunei,ASEAN,2021-09-01,2021,9,59.0,20 modelled source markets only; NOT all-Malaysia total
BRN,Brunei,ASEAN,2021-10-01,2021,10,27.0,20 modelled source markets only; NOT all-Malaysia total
BRN,Brunei,ASEAN,2021-11-01,2021,11,65.0,20 modelled source markets only; NOT all-Malaysia total
BRN,Brunei,ASEAN,2021-12-01,2021,12,92.0,20 modelled source markets only; NOT all-Malaysia total
BRN,Brunei,ASEAN,2022-01-01,2022,1,96.0,20 modelled source markets only; NOT all-Malaysia total
BRN,Brunei,ASEAN,2022-02-01,2022,2,53.0,20 modelled source markets only; NOT all-Malaysia total
BRN,Brunei,ASEAN,2022-03-01,2022,3,113.0,20 modelled source markets only; NOT all-Malaysia total
BRN,Brunei,ASEAN,2022-04-01,2022,4,707.0,20 modelled source markets only; NOT all-Malaysia total
BRN,Brunei,ASEAN,2022-05-01,2022,5,2436.0,20 modelled source markets only; NOT all-Malaysia total
BRN,Brunei,ASEAN,2022-06-01,2022,6,3388.0,20 modelled source markets only; NOT all-Malaysia total
BRN,Brunei,ASEAN,2022-07-01,2022,7,8630.0,20 modelled source markets only; NOT all-Malaysia total
BRN,Brunei,ASEAN,2022-08-01,2022,8,25655.0,20 modelled source markets only; NOT all-Malaysia total
BRN,Brunei,ASEAN,2022-09-01,2022,9,45960.0,20 modelled source markets only; NOT all-Malaysia total
BRN,Brunei,ASEAN,2022-10-01,2022,10,42777.0,20 modelled source markets only; NOT all-Malaysia total
BRN,Brunei,ASEAN,2022-11-01,2022,11,44831.0,20 modelled source markets only; NOT all-Malaysia total
BRN,Brunei,ASEAN,2022-12-01,2022,12,127111.0,20 modelled source markets only; NOT all-Malaysia total
BRN,Brunei,ASEAN,2023-01-01,2023,1,65697.0,20 modelled source markets only; NOT all-Malaysia total
BRN,Brunei,ASEAN,2023-02-01,2023,2,65758.0,20 modelled source markets only; NOT all-Malaysia total
BRN,Brunei,ASEAN,2023-03-01,2023,3,70327.0,20 modelled source markets only; NOT all-Malaysia total
BRN,Brunei,ASEAN,2023-04-01,2023,4,91339.0,20 modelled source markets only; NOT all-Malaysia total
BRN,Brunei,ASEAN,2023-05-01,2023,5,63136.0,20 modelled source markets only; NOT all-Malaysia total
BRN,Brunei,ASEAN,2023-06-01,2023,6,51309.0,20 modelled source markets only; NOT all-Malaysia total
BRN,Brunei,ASEAN,2023-07-01,2023,7,54620.0,20 modelled source markets only; NOT all-Malaysia total
BRN,Brunei,ASEAN,2023-08-01,2023,8,60722.0,20 modelled source markets only; NOT all-Malaysia total
BRN,Brunei,ASEAN,2023-09-01,2023,9,51948.0,20 modelled source markets only; NOT all-Malaysia total
BRN,Brunei,ASEAN,2023-10-01,2023,10,45027.0,20 modelled source markets only; NOT all-Malaysia total
BRN,Brunei,ASEAN,2023-11-01,2023,11,52881.0,20 modelled source markets only; NOT all-Malaysia total
BRN,Brunei,ASEAN,2023-12-01,2023,12,139069.0,20 modelled source markets only; NOT all-Malaysia total
BRN,Brunei,ASEAN,2024-01-01,2024,1,83754.0,20 modelled source markets only; NOT all-Malaysia total
BRN,Brunei,ASEAN,2024-02-01,2024,2,96429.0,20 modelled source markets only; NOT all-Malaysia total
BRN,Brunei,ASEAN,2024-03-01,2024,3,105407.0,20 modelled source markets only; NOT all-Malaysia total
BRN,Brunei,ASEAN,2024-04-01,2024,4,104891.0,20 modelled source markets only; NOT all-Malaysia total
BRN,Brunei,ASEAN,2024-05-01,2024,5,88987.0,20 modelled source markets only; NOT all-Malaysia total
BRN,Brunei,ASEAN,2024-06-01,2024,6,86531.0,20 modelled source markets only; NOT all-Malaysia total
BRN,Brunei,ASEAN,2024-07-01,2024,7,94791.0,20 modelled source markets only; NOT all-Malaysia total
BRN,Brunei,ASEAN,2024-08-01,2024,8,124758.0,20 modelled source markets only; NOT all-Malaysia total
BRN,Brunei,ASEAN,2024-09-01,2024,9,77919.0,20 modelled source markets only; NOT all-Malaysia total
BRN,Brunei,ASEAN,2024-10-01,2024,10,76080.0,20 modelled source markets only; NOT all-Malaysia total
BRN,Brunei,ASEAN,2024-11-01,2024,11,75096.0,20 modelled source markets only; NOT all-Malaysia total
BRN,Brunei,ASEAN,2024-12-01,2024,12,127491.0,20 modelled source markets only; NOT all-Malaysia total
BRN,Brunei,ASEAN,2025-01-01,2025,1,84995.0,20 modelled source markets only; NOT all-Malaysia total
BRN,Brunei,ASEAN,2025-02-01,2025,2,66281.0,20 modelled source markets only; NOT all-Malaysia total
BRN,Brunei,ASEAN,2025-03-01,2025,3,87405.0,20 modelled source markets only; NOT all-Malaysia total
BRN,Brunei,ASEAN,2025-04-01,2025,4,75799.0,20 modelled source markets only; NOT all-Malaysia total
BRN,Brunei,ASEAN,2025-05-01,2025,5,78501.0,20 modelled source markets only; NOT all-Malaysia total
BRN,Brunei,ASEAN,2025-06-01,2025,6,97216.0,20 modelled source markets only; NOT all-Malaysia total
BRN,Brunei,ASEAN,2025-07-01,2025,7,72355.0,20 modelled source markets only; NOT all-Malaysia total
BRN,Brunei,ASEAN,2025-08-01,2025,8,95974.0,20 modelled source markets only; NOT all-Malaysia total
BRN,Brunei,ASEAN,2025-09-01,2025,9,69485.0,20 modelled source markets only; NOT all-Malaysia total
BRN,Brunei,ASEAN,2025-10-01,2025,10,77407.0,20 modelled source markets only; NOT all-Malaysia total
BRN,Brunei,ASEAN,2025-11-01,2025,11,86720.0,20 modelled source markets only; NOT all-Malaysia total
BRN,Brunei,ASEAN,2025-12-01,2025,12,136910.0,20 modelled source markets only; NOT all-Malaysia total
BRN,Brunei,ASEAN,2026-01-01,2026,1,84389.0,20 modelled source markets only; NOT all-Malaysia total
BRN,Brunei,ASEAN,2026-02-01,2026,2,62612.0,20 modelled source markets only; NOT all-Malaysia total
BRN,Brunei,ASEAN,2026-03-01,2026,3,83721.0,20 modelled source markets only; NOT all-Malaysia total
BRN,Brunei,ASEAN,2026-04-01,2026,4,56422.0,20 modelled source markets only; NOT all-Malaysia total
BRN,Brunei,ASEAN,2026-05-01,2026,5,72692.0,20 modelled source markets only; NOT all-Malaysia total
CHN,China,Non-ASEAN,2017-03-01,2017,3,173838.0,20 modelled source markets only; NOT all-Malaysia total
CHN,China,Non-ASEAN,2017-04-01,2017,4,184240.0,20 modelled source markets only; NOT all-Malaysia total
CHN,China,Non-ASEAN,2017-05-01,2017,5,169708.0,20 modelled source markets only; NOT all-Malaysia total
CHN,China,Non-ASEAN,2017-06-01,2017,6,172401.0,20 modelled source markets only; NOT all-Malaysia total
CHN,China,Non-ASEAN,2017-07-01,2017,7,222441.0,20 modelled source markets only; NOT all-Malaysia total
CHN,China,Non-ASEAN,2017-08-01,2017,8,223678.0,20 modelled source markets only; NOT all-Malaysia total
CHN,China,Non-ASEAN,2017-09-01,2017,9,177361.0,20 modelled source markets only; NOT all-Malaysia total
CHN,China,Non-ASEAN,2017-10-01,2017,10,195219.0,20 modelled source markets only; NOT all-Malaysia total
CHN,China,Non-ASEAN,2017-11-01,2017,11,171418.0,20 modelled source markets only; NOT all-Malaysia total
CHN,China,Non-ASEAN,2017-12-01,2017,12,213822.0,20 modelled source markets only; NOT all-Malaysia total
CHN,China,Non-ASEAN,2018-01-01,2018,1,228621.0,20 modelled source markets only; NOT all-Malaysia total
CHN,China,Non-ASEAN,2018-02-01,2018,2,296084.0,20 modelled source markets only; NOT all-Malaysia total
CHN,China,Non-ASEAN,2018-03-01,2018,3,249027.0,20 modelled source markets only; NOT all-Malaysia total
CHN,China,Non-ASEAN,2018-04-01,2018,4,235266.0,20 modelled source markets only; NOT all-Malaysia total
CHN,China,Non-ASEAN,2018-05-01,2018,5,233271.0,20 modelled source markets only; NOT all-Malaysia total
CHN,China,Non-ASEAN,2018-06-01,2018,6,222642.0,20 modelled source markets only; NOT all-Malaysia total
CHN,China,Non-ASEAN,2018-07-01,2018,7,295096.0,20 modelled source markets only; NOT all-Malaysia total
CHN,China,Non-ASEAN,2018-08-01,2018,8,303867.0,20 modelled source markets only; NOT all-Malaysia total
CHN,China,Non-ASEAN,2018-09-01,2018,9,219278.0,20 modelled source markets only; NOT all-Malaysia total
CHN,China,Non-ASEAN,2018-10-01,2018,10,238797.0,20 modelled source markets only; NOT all-Malaysia total
CHN,China,Non-ASEAN,2018-11-01,2018,11,189973.0,20 modelled source markets only; NOT all-Malaysia total
CHN,China,Non-ASEAN,2018-12-01,2018,12,232211.0,20 modelled source markets only; NOT all-Malaysia total
CHN,China,Non-ASEAN,2019-01-01,2019,1,273731.0,20 modelled source markets only; NOT all-Malaysia total
CHN,China,Non-ASEAN,2019-02-01,2019,2,295150.0,20 modelled source markets only; NOT all-Malaysia total
CHN,China,Non-ASEAN,2019-03-01,2019,3,272919.0,20 modelled source markets only; NOT all-Malaysia total
CHN,China,Non-ASEAN,2019-04-01,2019,4,252093.0,20 modelled source markets only; NOT all-Malaysia total
CHN,China,Non-ASEAN,2019-05-01,2019,5,242884.0,20 modelled source markets only; NOT all-Malaysia total
CHN,China,Non-ASEAN,2019-06-01,2019,6,222005.0,20 modelled source markets only; NOT all-Malaysia total
CHN,China,Non-ASEAN,2019-07-01,2019,7,307660.0,20 modelled source markets only; NOT all-Malaysia total
CHN,China,Non-ASEAN,2019-08-01,2019,8,310380.0,20 modelled source markets only; NOT all-Malaysia total
CHN,China,Non-ASEAN,2019-09-01,2019,9,237134.0,20 modelled source markets only; NOT all-Malaysia total
CHN,China,Non-ASEAN,2019-10-01,2019,10,268510.0,20 modelled source markets only; NOT all-Malaysia total
CHN,China,Non-ASEAN,2019-11-01,2019,11,250286.0,20 modelled source markets only; NOT all-Malaysia total
CHN,China,Non-ASEAN,2019-12-01,2019,12,181505.0,20 modelled source markets only; NOT all-Malaysia total
CHN,China,Non-ASEAN,2020-01-01,2020,1,300934.0,20 modelled source markets only; NOT all-Malaysia total
CHN,China,Non-ASEAN,2020-02-01,2020,2,70137.0,20 modelled source markets only; NOT all-Malaysia total
CHN,China,Non-ASEAN,2020-03-01,2020,3,29996.0,20 modelled source markets only; NOT all-Malaysia total
CHN,China,Non-ASEAN,2020-04-01,2020,4,72.0,20 modelled source markets only; NOT all-Malaysia total
CHN,China,Non-ASEAN,2020-05-01,2020,5,18.0,20 modelled source markets only; NOT all-Malaysia total
CHN,China,Non-ASEAN,2020-06-01,2020,6,128.0,20 modelled source markets only; NOT all-Malaysia total
CHN,China,Non-ASEAN,2020-07-01,2020,7,396.0,20 modelled source markets only; NOT all-Malaysia total
CHN,China,Non-ASEAN,2020-08-01,2020,8,407.0,20 modelled source markets only; NOT all-Malaysia total
CHN,China,Non-ASEAN,2020-09-01,2020,9,967.0,20 modelled source markets only; NOT all-Malaysia total
CHN,China,Non-ASEAN,2020-10-01,2020,10,706.0,20 modelled source markets only; NOT all-Malaysia total
CHN,China,Non-ASEAN,2020-11-01,2020,11,869.0,20 modelled source markets only; NOT all-Malaysia total
CHN,China,Non-ASEAN,2020-12-01,2020,12,519.0,20 modelled source markets only; NOT all-Malaysia total
CHN,China,Non-ASEAN,2021-01-01,2021,1,573.0,20 modelled source markets only; NOT all-Malaysia total
CHN,China,Non-ASEAN,2021-02-01,2021,2,413.0,20 modelled source markets only; NOT all-Malaysia total
CHN,China,Non-ASEAN,2021-03-01,2021,3,871.0,20 modelled source markets only; NOT all-Malaysia total
CHN,China,Non-ASEAN,2021-04-01,2021,4,842.0,20 modelled source markets only; NOT all-Malaysia total
CHN,China,Non-ASEAN,2021-05-01,2021,5,680.0,20 modelled source markets only; NOT all-Malaysia total
CHN,China,Non-ASEAN,2021-06-01,2021,6,407.0,20 modelled source markets only; NOT all-Malaysia total
CHN,China,Non-ASEAN,2021-07-01,2021,7,467.0,20 modelled source markets only; NOT all-Malaysia total
CHN,China,Non-ASEAN,2021-08-01,2021,8,418.0,20 modelled source markets only; NOT all-Malaysia total
CHN,China,Non-ASEAN,2021-09-01,2021,9,505.0,20 modelled source markets only; NOT all-Malaysia total
CHN,China,Non-ASEAN,2021-10-01,2021,10,638.0,20 modelled source markets only; NOT all-Malaysia total
CHN,China,Non-ASEAN,2021-11-01,2021,11,627.0,20 modelled source markets only; NOT all-Malaysia total
CHN,China,Non-ASEAN,2021-12-01,2021,12,1260.0,20 modelled source markets only; NOT all-Malaysia total
CHN,China,Non-ASEAN,2022-01-01,2022,1,975.0,20 modelled source markets only; NOT all-Malaysia total
CHN,China,Non-ASEAN,2022-02-01,2022,2,1209.0,20 modelled source markets only; NOT all-Malaysia total
CHN,China,Non-ASEAN,2022-03-01,2022,3,1440.0,20 modelled source markets only; NOT all-Malaysia total
CHN,China,Non-ASEAN,2022-04-01,2022,4,6550.0,20 modelled source markets only; NOT all-Malaysia total
CHN,China,Non-ASEAN,2022-05-01,2022,5,11439.0,20 modelled source markets only; NOT all-Malaysia total
CHN,China,Non-ASEAN,2022-06-01,2022,6,17260.0,20 modelled source markets only; NOT all-Malaysia total
CHN,China,Non-ASEAN,2022-07-01,2022,7,21055.0,20 modelled source markets only; NOT all-Malaysia total
CHN,China,Non-ASEAN,2022-08-01,2022,8,22207.0,20 modelled source markets only; NOT all-Malaysia total
CHN,China,Non-ASEAN,2022-09-01,2022,9,25932.0,20 modelled source markets only; NOT all-Malaysia total
CHN,China,Non-ASEAN,2022-10-01,2022,10,29592.0,20 modelled source markets only; NOT all-Malaysia total
CHN,China,Non-ASEAN,2022-11-01,2022,11,30710.0,20 modelled source markets only; NOT all-Malaysia total
CHN,China,Non-ASEAN,2022-12-01,2022,12,44234.0,20 modelled source markets only; NOT all-Malaysia total
CHN,China,Non-ASEAN,2023-01-01,2023,1,45317.0,20 modelled source markets only; NOT all-Malaysia total
CHN,China,Non-ASEAN,2023-02-01,2023,2,49782.0,20 modelled source markets only; NOT all-Malaysia total
CHN,China,Non-ASEAN,2023-03-01,2023,3,83051.0,20 modelled source markets only; NOT all-Malaysia total
CHN,China,Non-ASEAN,2023-04-01,2023,4,109760.0,20 modelled source markets only; NOT all-Malaysia total
CHN,China,Non-ASEAN,2023-05-01,2023,5,115211.0,20 modelled source markets only; NOT all-Malaysia total
CHN,China,Non-ASEAN,2023-06-01,2023,6,95419.0,20 modelled source markets only; NOT all-Malaysia total
CHN,China,Non-ASEAN,2023-07-01,2023,7,193025.0,20 modelled source markets only; NOT all-Malaysia total
CHN,China,Non-ASEAN,2023-08-01,2023,8,187749.0,20 modelled source markets only; NOT all-Malaysia total
CHN,China,Non-ASEAN,2023-09-01,2023,9,158286.0,20 modelled source markets only; NOT all-Malaysia total
CHN,China,Non-ASEAN,2023-10-01,2023,10,143380.0,20 modelled source markets only; NOT all-Malaysia total
CHN,China,Non-ASEAN,2023-11-01,2023,11,124670.0,20 modelled source markets only; NOT all-Malaysia total
CHN,China,Non-ASEAN,2023-12-01,2023,12,168464.0,20 modelled source markets only; NOT all-Malaysia total
CHN,China,Non-ASEAN,2024-01-01,2024,1,220595.0,20 modelled source markets only; NOT all-Malaysia total
CHN,China,Non-ASEAN,2024-02-01,2024,2,310123.0,20 modelled source markets only; NOT all-Malaysia total
CHN,China,Non-ASEAN,2024-03-01,2024,3,228054.0,20 modelled source markets only; NOT all-Malaysia total
CHN,China,Non-ASEAN,2024-04-01,2024,4,196924.0,20 modelled source markets only; NOT all-Malaysia total
CHN,China,Non-ASEAN,2024-05-01,2024,5,229354.0,20 modelled source markets only; NOT all-Malaysia total
CHN,China,Non-ASEAN,2024-06-01,2024,6,264661.0,20 modelled source markets only; NOT all-Malaysia total
CHN,China,Non-ASEAN,2024-07-01,2024,7,410863.0,20 modelled source markets only; NOT all-Malaysia total
CHN,China,Non-ASEAN,2024-08-01,2024,8,425211.0,20 modelled source markets only; NOT all-Malaysia total
CHN,China,Non-ASEAN,2024-09-01,2024,9,245615.0,20 modelled source markets only; NOT all-Malaysia total
CHN,China,Non-ASEAN,2024-10-01,2024,10,290847.0,20 modelled source markets only; NOT all-Malaysia total
CHN,China,Non-ASEAN,2024-11-01,2024,11,216067.0,20 modelled source markets only; NOT all-Malaysia total
CHN,China,Non-ASEAN,2024-12-01,2024,12,249048.0,20 modelled source markets only; NOT all-Malaysia total
CHN,China,Non-ASEAN,2025-01-01,2025,1,425586.0,20 modelled source markets only; NOT all-Malaysia total
CHN,China,Non-ASEAN,2025-02-01,2025,2,284836.0,20 modelled source markets only; NOT all-Malaysia total
CHN,China,Non-ASEAN,2025-03-01,2025,3,256068.0,20 modelled source markets only; NOT all-Malaysia total
CHN,China,Non-ASEAN,2025-04-01,2025,4,264582.0,20 modelled source markets only; NOT all-Malaysia total
CHN,China,Non-ASEAN,2025-05-01,2025,5,310458.0,20 modelled source markets only; NOT all-Malaysia total
CHN,China,Non-ASEAN,2025-06-01,2025,6,310975.0,20 modelled source markets only; NOT all-Malaysia total
CHN,China,Non-ASEAN,2025-07-01,2025,7,475628.0,20 modelled source markets only; NOT all-Malaysia total
CHN,China,Non-ASEAN,2025-08-01,2025,8,464425.0,20 modelled source markets only; NOT all-Malaysia total
CHN,China,Non-ASEAN,2025-09-01,2025,9,293577.0,20 modelled source markets only; NOT all-Malaysia total
CHN,China,Non-ASEAN,2025-10-01,2025,10,316499.0,20 modelled source markets only; NOT all-Malaysia total
CHN,China,Non-ASEAN,2025-11-01,2025,11,277678.0,20 modelled source markets only; NOT all-Malaysia total
CHN,China,Non-ASEAN,2025-12-01,2025,12,284828.0,20 modelled source markets only; NOT all-Malaysia total
CHN,China,Non-ASEAN,2026-01-01,2026,1,371299.0,20 modelled source markets only; NOT all-Malaysia total
CHN,China,Non-ASEAN,2026-02-01,2026,2,530343.0,20 modelled source markets only; NOT all-Malaysia total
CHN,China,Non-ASEAN,2026-03-01,2026,3,309629.0,20 modelled source markets only; NOT all-Malaysia total
CHN,China,Non-ASEAN,2026-04-01,2026,4,339811.0,20 modelled source markets only; NOT all-Malaysia total
CHN,China,Non-ASEAN,2026-05-01,2026,5,323217.0,20 modelled source markets only; NOT all-Malaysia total
DEU,Germany,Non-ASEAN,2017-03-01,2017,3,11727.0,20 modelled source markets only; NOT all-Malaysia total
DEU,Germany,Non-ASEAN,2017-04-01,2017,4,10344.0,20 modelled source markets only; NOT all-Malaysia total
DEU,Germany,Non-ASEAN,2017-05-01,2017,5,6873.0,20 modelled source markets only; NOT all-Malaysia total
DEU,Germany,Non-ASEAN,2017-06-01,2017,6,6458.0,20 modelled source markets only; NOT all-Malaysia total
DEU,Germany,Non-ASEAN,2017-07-01,2017,7,8705.0,20 modelled source markets only; NOT all-Malaysia total
DEU,Germany,Non-ASEAN,2017-08-01,2017,8,10428.0,20 modelled source markets only; NOT all-Malaysia total
DEU,Germany,Non-ASEAN,2017-09-01,2017,9,9224.0,20 modelled source markets only; NOT all-Malaysia total
DEU,Germany,Non-ASEAN,2017-10-01,2017,10,9289.0,20 modelled source markets only; NOT all-Malaysia total
DEU,Germany,Non-ASEAN,2017-11-01,2017,11,7780.0,20 modelled source markets only; NOT all-Malaysia total
DEU,Germany,Non-ASEAN,2017-12-01,2017,12,7392.0,20 modelled source markets only; NOT all-Malaysia total
DEU,Germany,Non-ASEAN,2018-01-01,2018,1,11505.0,20 modelled source markets only; NOT all-Malaysia total
DEU,Germany,Non-ASEAN,2018-02-01,2018,2,12326.0,20 modelled source markets only; NOT all-Malaysia total
DEU,Germany,Non-ASEAN,2018-03-01,2018,3,14281.0,20 modelled source markets only; NOT all-Malaysia total
DEU,Germany,Non-ASEAN,2018-04-01,2018,4,9597.0,20 modelled source markets only; NOT all-Malaysia total
DEU,Germany,Non-ASEAN,2018-05-01,2018,5,9182.0,20 modelled source markets only; NOT all-Malaysia total
DEU,Germany,Non-ASEAN,2018-06-01,2018,6,7836.0,20 modelled source markets only; NOT all-Malaysia total
DEU,Germany,Non-ASEAN,2018-07-01,2018,7,10839.0,20 modelled source markets only; NOT all-Malaysia total
DEU,Germany,Non-ASEAN,2018-08-01,2018,8,12741.0,20 modelled source markets only; NOT all-Malaysia total
DEU,Germany,Non-ASEAN,2018-09-01,2018,9,10070.0,20 modelled source markets only; NOT all-Malaysia total
DEU,Germany,Non-ASEAN,2018-10-01,2018,10,10704.0,20 modelled source markets only; NOT all-Malaysia total
DEU,Germany,Non-ASEAN,2018-11-01,2018,11,10272.0,20 modelled source markets only; NOT all-Malaysia total
DEU,Germany,Non-ASEAN,2018-12-01,2018,12,9542.0,20 modelled source markets only; NOT all-Malaysia total
DEU,Germany,Non-ASEAN,2019-01-01,2019,1,12146.0,20 modelled source markets only; NOT all-Malaysia total
DEU,Germany,Non-ASEAN,2019-02-01,2019,2,12932.0,20 modelled source markets only; NOT all-Malaysia total
DEU,Germany,Non-ASEAN,2019-03-01,2019,3,14143.0,20 modelled source markets only; NOT all-Malaysia total
DEU,Germany,Non-ASEAN,2019-04-01,2019,4,11988.0,20 modelled source markets only; NOT all-Malaysia total
DEU,Germany,Non-ASEAN,2019-05-01,2019,5,9006.0,20 modelled source markets only; NOT all-Malaysia total
DEU,Germany,Non-ASEAN,2019-06-01,2019,6,8877.0,20 modelled source markets only; NOT all-Malaysia total
DEU,Germany,Non-ASEAN,2019-07-01,2019,7,12155.0,20 modelled source markets only; NOT all-Malaysia total
DEU,Germany,Non-ASEAN,2019-08-01,2019,8,13299.0,20 modelled source markets only; NOT all-Malaysia total
DEU,Germany,Non-ASEAN,2019-09-01,2019,9,9537.0,20 modelled source markets only; NOT all-Malaysia total
DEU,Germany,Non-ASEAN,2019-10-01,2019,10,8560.0,20 modelled source markets only; NOT all-Malaysia total
DEU,Germany,Non-ASEAN,2019-11-01,2019,11,9381.0,20 modelled source markets only; NOT all-Malaysia total
DEU,Germany,Non-ASEAN,2019-12-01,2019,12,8197.0,20 modelled source markets only; NOT all-Malaysia total
DEU,Germany,Non-ASEAN,2020-01-01,2020,1,10278.0,20 modelled source markets only; NOT all-Malaysia total
DEU,Germany,Non-ASEAN,2020-02-01,2020,2,11193.0,20 modelled source markets only; NOT all-Malaysia total
DEU,Germany,Non-ASEAN,2020-03-01,2020,3,5739.0,20 modelled source markets only; NOT all-Malaysia total
DEU,Germany,Non-ASEAN,2020-04-01,2020,4,4.0,20 modelled source markets only; NOT all-Malaysia total
DEU,Germany,Non-ASEAN,2020-05-01,2020,5,4.0,20 modelled source markets only; NOT all-Malaysia total
DEU,Germany,Non-ASEAN,2020-06-01,2020,6,7.0,20 modelled source markets only; NOT all-Malaysia total
DEU,Germany,Non-ASEAN,2020-07-01,2020,7,44.0,20 modelled source markets only; NOT all-Malaysia total
DEU,Germany,Non-ASEAN,2020-08-01,2020,8,30.0,20 modelled source markets only; NOT all-Malaysia total
DEU,Germany,Non-ASEAN,2020-09-01,2020,9,72.0,20 modelled source markets only; NOT all-Malaysia total
DEU,Germany,Non-ASEAN,2020-10-01,2020,10,44.0,20 modelled source markets only; NOT all-Malaysia total
DEU,Germany,Non-ASEAN,2020-11-01,2020,11,22.0,20 modelled source markets only; NOT all-Malaysia total
DEU,Germany,Non-ASEAN,2020-12-01,2020,12,21.0,20 modelled source markets only; NOT all-Malaysia total
DEU,Germany,Non-ASEAN,2021-01-01,2021,1,41.0,20 modelled source markets only; NOT all-Malaysia total
DEU,Germany,Non-ASEAN,2021-02-01,2021,2,36.0,20 modelled source markets only; NOT all-Malaysia total
DEU,Germany,Non-ASEAN,2021-03-01,2021,3,48.0,20 modelled source markets only; NOT all-Malaysia total
DEU,Germany,Non-ASEAN,2021-04-01,2021,4,54.0,20 modelled source markets only; NOT all-Malaysia total
DEU,Germany,Non-ASEAN,2021-05-01,2021,5,30.0,20 modelled source markets only; NOT all-Malaysia total
DEU,Germany,Non-ASEAN,2021-06-01,2021,6,20.0,20 modelled source markets only; NOT all-Malaysia total
DEU,Germany,Non-ASEAN,2021-07-01,2021,7,32.0,20 modelled source markets only; NOT all-Malaysia total
DEU,Germany,Non-ASEAN,2021-08-01,2021,8,64.0,20 modelled source markets only; NOT all-Malaysia total
DEU,Germany,Non-ASEAN,2021-09-01,2021,9,64.0,20 modelled source markets only; NOT all-Malaysia total
DEU,Germany,Non-ASEAN,2021-10-01,2021,10,70.0,20 modelled source markets only; NOT all-Malaysia total
DEU,Germany,Non-ASEAN,2021-11-01,2021,11,107.0,20 modelled source markets only; NOT all-Malaysia total
DEU,Germany,Non-ASEAN,2021-12-01,2021,12,258.0,20 modelled source markets only; NOT all-Malaysia total
DEU,Germany,Non-ASEAN,2022-01-01,2022,1,247.0,20 modelled source markets only; NOT all-Malaysia total
DEU,Germany,Non-ASEAN,2022-02-01,2022,2,231.0,20 modelled source markets only; NOT all-Malaysia total
DEU,Germany,Non-ASEAN,2022-03-01,2022,3,312.0,20 modelled source markets only; NOT all-Malaysia total
DEU,Germany,Non-ASEAN,2022-04-01,2022,4,2321.0,20 modelled source markets only; NOT all-Malaysia total
DEU,Germany,Non-ASEAN,2022-05-01,2022,5,3618.0,20 modelled source markets only; NOT all-Malaysia total
DEU,Germany,Non-ASEAN,2022-06-01,2022,6,4237.0,20 modelled source markets only; NOT all-Malaysia total
DEU,Germany,Non-ASEAN,2022-07-01,2022,7,6584.0,20 modelled source markets only; NOT all-Malaysia total
DEU,Germany,Non-ASEAN,2022-08-01,2022,8,7989.0,20 modelled source markets only; NOT all-Malaysia total
DEU,Germany,Non-ASEAN,2022-09-01,2022,9,6904.0,20 modelled source markets only; NOT all-Malaysia total
DEU,Germany,Non-ASEAN,2022-10-01,2022,10,7381.0,20 modelled source markets only; NOT all-Malaysia total
DEU,Germany,Non-ASEAN,2022-11-01,2022,11,7192.0,20 modelled source markets only; NOT all-Malaysia total
DEU,Germany,Non-ASEAN,2022-12-01,2022,12,10764.0,20 modelled source markets only; NOT all-Malaysia total
DEU,Germany,Non-ASEAN,2023-01-01,2023,1,10976.0,20 modelled source markets only; NOT all-Malaysia total
DEU,Germany,Non-ASEAN,2023-02-01,2023,2,12503.0,20 modelled source markets only; NOT all-Malaysia total
DEU,Germany,Non-ASEAN,2023-03-01,2023,3,11321.0,20 modelled source markets only; NOT all-Malaysia total
DEU,Germany,Non-ASEAN,2023-04-01,2023,4,9249.0,20 modelled source markets only; NOT all-Malaysia total
DEU,Germany,Non-ASEAN,2023-05-01,2023,5,9998.0,20 modelled source markets only; NOT all-Malaysia total
DEU,Germany,Non-ASEAN,2023-06-01,2023,6,6272.0,20 modelled source markets only; NOT all-Malaysia total
DEU,Germany,Non-ASEAN,2023-07-01,2023,7,10286.0,20 modelled source markets only; NOT all-Malaysia total
DEU,Germany,Non-ASEAN,2023-08-01,2023,8,11327.0,20 modelled source markets only; NOT all-Malaysia total
DEU,Germany,Non-ASEAN,2023-09-01,2023,9,9720.0,20 modelled source markets only; NOT all-Malaysia total
DEU,Germany,Non-ASEAN,2023-10-01,2023,10,9338.0,20 modelled source markets only; NOT all-Malaysia total
DEU,Germany,Non-ASEAN,2023-11-01,2023,11,10001.0,20 modelled source markets only; NOT all-Malaysia total
DEU,Germany,Non-ASEAN,2023-12-01,2023,12,14996.0,20 modelled source markets only; NOT all-Malaysia total
DEU,Germany,Non-ASEAN,2024-01-01,2024,1,12155.0,20 modelled source markets only; NOT all-Malaysia total
DEU,Germany,Non-ASEAN,2024-02-01,2024,2,21778.0,20 modelled source markets only; NOT all-Malaysia total
DEU,Germany,Non-ASEAN,2024-03-01,2024,3,16470.0,20 modelled source markets only; NOT all-Malaysia total
DEU,Germany,Non-ASEAN,2024-04-01,2024,4,12744.0,20 modelled source markets only; NOT all-Malaysia total
DEU,Germany,Non-ASEAN,2024-05-01,2024,5,11601.0,20 modelled source markets only; NOT all-Malaysia total
DEU,Germany,Non-ASEAN,2024-06-01,2024,6,7973.0,20 modelled source markets only; NOT all-Malaysia total
DEU,Germany,Non-ASEAN,2024-07-01,2024,7,10979.0,20 modelled source markets only; NOT all-Malaysia total
DEU,Germany,Non-ASEAN,2024-08-01,2024,8,13169.0,20 modelled source markets only; NOT all-Malaysia total
DEU,Germany,Non-ASEAN,2024-09-01,2024,9,9864.0,20 modelled source markets only; NOT all-Malaysia total
DEU,Germany,Non-ASEAN,2024-10-01,2024,10,11778.0,20 modelled source markets only; NOT all-Malaysia total
DEU,Germany,Non-ASEAN,2024-11-01,2024,11,11343.0,20 modelled source markets only; NOT all-Malaysia total
DEU,Germany,Non-ASEAN,2024-12-01,2024,12,15994.0,20 modelled source markets only; NOT all-Malaysia total
DEU,Germany,Non-ASEAN,2025-01-01,2025,1,16990.0,20 modelled source markets only; NOT all-Malaysia total
DEU,Germany,Non-ASEAN,2025-02-01,2025,2,27042.0,20 modelled source markets only; NOT all-Malaysia total
DEU,Germany,Non-ASEAN,2025-03-01,2025,3,15189.0,20 modelled source markets only; NOT all-Malaysia total
DEU,Germany,Non-ASEAN,2025-04-01,2025,4,11929.0,20 modelled source markets only; NOT all-Malaysia total
DEU,Germany,Non-ASEAN,2025-05-01,2025,5,10973.0,20 modelled source markets only; NOT all-Malaysia total
DEU,Germany,Non-ASEAN,2025-06-01,2025,6,7767.0,20 modelled source markets only; NOT all-Malaysia total
DEU,Germany,Non-ASEAN,2025-07-01,2025,7,9942.0,20 modelled source markets only; NOT all-Malaysia total
DEU,Germany,Non-ASEAN,2025-08-01,2025,8,13187.0,20 modelled source markets only; NOT all-Malaysia total
DEU,Germany,Non-ASEAN,2025-09-01,2025,9,10086.0,20 modelled source markets only; NOT all-Malaysia total
DEU,Germany,Non-ASEAN,2025-10-01,2025,10,18652.0,20 modelled source markets only; NOT all-Malaysia total
DEU,Germany,Non-ASEAN,2025-11-01,2025,11,11817.0,20 modelled source markets only; NOT all-Malaysia total
DEU,Germany,Non-ASEAN,2025-12-01,2025,12,19278.0,20 modelled source markets only; NOT all-Malaysia total
DEU,Germany,Non-ASEAN,2026-01-01,2026,1,16699.0,20 modelled source markets only; NOT all-Malaysia total
DEU,Germany,Non-ASEAN,2026-02-01,2026,2,20068.0,20 modelled source markets only; NOT all-Malaysia total
DEU,Germany,Non-ASEAN,2026-03-01,2026,3,15326.0,20 modelled source markets only; NOT all-Malaysia total
DEU,Germany,Non-ASEAN,2026-04-01,2026,4,11701.0,20 modelled source markets only; NOT all-Malaysia total
DEU,Germany,Non-ASEAN,2026-05-01,2026,5,8322.0,20 modelled source markets only; NOT all-Malaysia total
FRA,France,Non-ASEAN,2017-03-01,2017,3,10814.0,20 modelled source markets only; NOT all-Malaysia total
FRA,France,Non-ASEAN,2017-04-01,2017,4,11731.0,20 modelled source markets only; NOT all-Malaysia total
FRA,France,Non-ASEAN,2017-05-01,2017,5,8537.0,20 modelled source markets only; NOT all-Malaysia total
FRA,France,Non-ASEAN,2017-06-01,2017,6,7957.0,20 modelled source markets only; NOT all-Malaysia total
FRA,France,Non-ASEAN,2017-07-01,2017,7,16206.0,20 modelled source markets only; NOT all-Malaysia total
FRA,France,Non-ASEAN,2017-08-01,2017,8,18022.0,20 modelled source markets only; NOT all-Malaysia total
FRA,France,Non-ASEAN,2017-09-01,2017,9,9492.0,20 modelled source markets only; NOT all-Malaysia total
FRA,France,Non-ASEAN,2017-10-01,2017,10,10172.0,20 modelled source markets only; NOT all-Malaysia total
FRA,France,Non-ASEAN,2017-11-01,2017,11,7742.0,20 modelled source markets only; NOT all-Malaysia total
FRA,France,Non-ASEAN,2017-12-01,2017,12,8794.0,20 modelled source markets only; NOT all-Malaysia total
FRA,France,Non-ASEAN,2018-01-01,2018,1,10936.0,20 modelled source markets only; NOT all-Malaysia total
FRA,France,Non-ASEAN,2018-02-01,2018,2,12210.0,20 modelled source markets only; NOT all-Malaysia total
FRA,France,Non-ASEAN,2018-03-01,2018,3,12551.0,20 modelled source markets only; NOT all-Malaysia total
FRA,France,Non-ASEAN,2018-04-01,2018,4,12587.0,20 modelled source markets only; NOT all-Malaysia total
FRA,France,Non-ASEAN,2018-05-01,2018,5,9936.0,20 modelled source markets only; NOT all-Malaysia total
FRA,France,Non-ASEAN,2018-06-01,2018,6,9338.0,20 modelled source markets only; NOT all-Malaysia total
FRA,France,Non-ASEAN,2018-07-01,2018,7,17794.0,20 modelled source markets only; NOT all-Malaysia total
FRA,France,Non-ASEAN,2018-08-01,2018,8,18622.0,20 modelled source markets only; NOT all-Malaysia total
FRA,France,Non-ASEAN,2018-09-01,2018,9,9220.0,20 modelled source markets only; NOT all-Malaysia total
FRA,France,Non-ASEAN,2018-10-01,2018,10,9651.0,20 modelled source markets only; NOT all-Malaysia total
FRA,France,Non-ASEAN,2018-11-01,2018,11,8263.0,20 modelled source markets only; NOT all-Malaysia total
FRA,France,Non-ASEAN,2018-12-01,2018,12,8300.0,20 modelled source markets only; NOT all-Malaysia total
FRA,France,Non-ASEAN,2019-01-01,2019,1,10744.0,20 modelled source markets only; NOT all-Malaysia total
FRA,France,Non-ASEAN,2019-02-01,2019,2,12340.0,20 modelled source markets only; NOT all-Malaysia total
FRA,France,Non-ASEAN,2019-03-01,2019,3,12300.0,20 modelled source markets only; NOT all-Malaysia total
FRA,France,Non-ASEAN,2019-04-01,2019,4,13022.0,20 modelled source markets only; NOT all-Malaysia total
FRA,France,Non-ASEAN,2019-05-01,2019,5,9436.0,20 modelled source markets only; NOT all-Malaysia total
FRA,France,Non-ASEAN,2019-06-01,2019,6,9875.0,20 modelled source markets only; NOT all-Malaysia total
FRA,France,Non-ASEAN,2019-07-01,2019,7,18726.0,20 modelled source markets only; NOT all-Malaysia total
FRA,France,Non-ASEAN,2019-08-01,2019,8,19541.0,20 modelled source markets only; NOT all-Malaysia total
FRA,France,Non-ASEAN,2019-09-01,2019,9,8939.0,20 modelled source markets only; NOT all-Malaysia total
FRA,France,Non-ASEAN,2019-10-01,2019,10,10247.0,20 modelled source markets only; NOT all-Malaysia total
FRA,France,Non-ASEAN,2019-11-01,2019,11,8248.0,20 modelled source markets only; NOT all-Malaysia total
FRA,France,Non-ASEAN,2019-12-01,2019,12,8243.0,20 modelled source markets only; NOT all-Malaysia total
FRA,France,Non-ASEAN,2020-01-01,2020,1,10397.0,20 modelled source markets only; NOT all-Malaysia total
FRA,France,Non-ASEAN,2020-02-01,2020,2,12563.0,20 modelled source markets only; NOT all-Malaysia total
FRA,France,Non-ASEAN,2020-03-01,2020,3,5057.0,20 modelled source markets only; NOT all-Malaysia total
FRA,France,Non-ASEAN,2020-04-01,2020,4,3.0,20 modelled source markets only; NOT all-Malaysia total
FRA,France,Non-ASEAN,2020-05-01,2020,5,5.0,20 modelled source markets only; NOT all-Malaysia total
FRA,France,Non-ASEAN,2020-06-01,2020,6,16.0,20 modelled source markets only; NOT all-Malaysia total
FRA,France,Non-ASEAN,2020-07-01,2020,7,20.0,20 modelled source markets only; NOT all-Malaysia total
FRA,France,Non-ASEAN,2020-08-01,2020,8,35.0,20 modelled source markets only; NOT all-Malaysia total
FRA,France,Non-ASEAN,2020-09-01,2020,9,68.0,20 modelled source markets only; NOT all-Malaysia total
FRA,France,Non-ASEAN,2020-10-01,2020,10,25.0,20 modelled source markets only; NOT all-Malaysia total
FRA,France,Non-ASEAN,2020-11-01,2020,11,23.0,20 modelled source markets only; NOT all-Malaysia total
FRA,France,Non-ASEAN,2020-12-01,2020,12,25.0,20 modelled source markets only; NOT all-Malaysia total
FRA,France,Non-ASEAN,2021-01-01,2021,1,46.0,20 modelled source markets only; NOT all-Malaysia total
FRA,France,Non-ASEAN,2021-02-01,2021,2,26.0,20 modelled source markets only; NOT all-Malaysia total
FRA,France,Non-ASEAN,2021-03-01,2021,3,42.0,20 modelled source markets only; NOT all-Malaysia total
FRA,France,Non-ASEAN,2021-04-01,2021,4,42.0,20 modelled source markets only; NOT all-Malaysia total
FRA,France,Non-ASEAN,2021-05-01,2021,5,30.0,20 modelled source markets only; NOT all-Malaysia total
FRA,France,Non-ASEAN,2021-06-01,2021,6,20.0,20 modelled source markets only; NOT all-Malaysia total
FRA,France,Non-ASEAN,2021-07-01,2021,7,38.0,20 modelled source markets only; NOT all-Malaysia total
FRA,France,Non-ASEAN,2021-08-01,2021,8,121.0,20 modelled source markets only; NOT all-Malaysia total
FRA,France,Non-ASEAN,2021-09-01,2021,9,82.0,20 modelled source markets only; NOT all-Malaysia total
FRA,France,Non-ASEAN,2021-10-01,2021,10,86.0,20 modelled source markets only; NOT all-Malaysia total
FRA,France,Non-ASEAN,2021-11-01,2021,11,79.0,20 modelled source markets only; NOT all-Malaysia total
FRA,France,Non-ASEAN,2021-12-01,2021,12,231.0,20 modelled source markets only; NOT all-Malaysia total
FRA,France,Non-ASEAN,2022-01-01,2022,1,233.0,20 modelled source markets only; NOT all-Malaysia total
FRA,France,Non-ASEAN,2022-02-01,2022,2,208.0,20 modelled source markets only; NOT all-Malaysia total
FRA,France,Non-ASEAN,2022-03-01,2022,3,327.0,20 modelled source markets only; NOT all-Malaysia total
FRA,France,Non-ASEAN,2022-04-01,2022,4,2565.0,20 modelled source markets only; NOT all-Malaysia total
FRA,France,Non-ASEAN,2022-05-01,2022,5,3894.0,20 modelled source markets only; NOT all-Malaysia total
FRA,France,Non-ASEAN,2022-06-01,2022,6,3944.0,20 modelled source markets only; NOT all-Malaysia total
FRA,France,Non-ASEAN,2022-07-01,2022,7,8088.0,20 modelled source markets only; NOT all-Malaysia total
FRA,France,Non-ASEAN,2022-08-01,2022,8,10980.0,20 modelled source markets only; NOT all-Malaysia total
FRA,France,Non-ASEAN,2022-09-01,2022,9,6097.0,20 modelled source markets only; NOT all-Malaysia total
FRA,France,Non-ASEAN,2022-10-01,2022,10,7442.0,20 modelled source markets only; NOT all-Malaysia total
FRA,France,Non-ASEAN,2022-11-01,2022,11,5365.0,20 modelled source markets only; NOT all-Malaysia total
FRA,France,Non-ASEAN,2022-12-01,2022,12,5944.0,20 modelled source markets only; NOT all-Malaysia total
FRA,France,Non-ASEAN,2023-01-01,2023,1,7070.0,20 modelled source markets only; NOT all-Malaysia total
FRA,France,Non-ASEAN,2023-02-01,2023,2,8685.0,20 modelled source markets only; NOT all-Malaysia total
FRA,France,Non-ASEAN,2023-03-01,2023,3,8903.0,20 modelled source markets only; NOT all-Malaysia total
FRA,France,Non-ASEAN,2023-04-01,2023,4,8668.0,20 modelled source markets only; NOT all-Malaysia total
FRA,France,Non-ASEAN,2023-05-01,2023,5,8629.0,20 modelled source markets only; NOT all-Malaysia total
FRA,France,Non-ASEAN,2023-06-01,2023,6,6911.0,20 modelled source markets only; NOT all-Malaysia total
FRA,France,Non-ASEAN,2023-07-01,2023,7,16009.0,20 modelled source markets only; NOT all-Malaysia total
FRA,France,Non-ASEAN,2023-08-01,2023,8,16186.0,20 modelled source markets only; NOT all-Malaysia total
FRA,France,Non-ASEAN,2023-09-01,2023,9,8271.0,20 modelled source markets only; NOT all-Malaysia total
FRA,France,Non-ASEAN,2023-10-01,2023,10,8699.0,20 modelled source markets only; NOT all-Malaysia total
FRA,France,Non-ASEAN,2023-11-01,2023,11,8212.0,20 modelled source markets only; NOT all-Malaysia total
FRA,France,Non-ASEAN,2023-12-01,2023,12,8902.0,20 modelled source markets only; NOT all-Malaysia total
FRA,France,Non-ASEAN,2024-01-01,2024,1,10984.0,20 modelled source markets only; NOT all-Malaysia total
FRA,France,Non-ASEAN,2024-02-01,2024,2,14766.0,20 modelled source markets only; NOT all-Malaysia total
FRA,France,Non-ASEAN,2024-03-01,2024,3,11816.0,20 modelled source markets only; NOT all-Malaysia total
FRA,France,Non-ASEAN,2024-04-01,2024,4,12234.0,20 modelled source markets only; NOT all-Malaysia total
FRA,France,Non-ASEAN,2024-05-01,2024,5,10954.0,20 modelled source markets only; NOT all-Malaysia total
FRA,France,Non-ASEAN,2024-06-01,2024,6,11120.0,20 modelled source markets only; NOT all-Malaysia total
FRA,France,Non-ASEAN,2024-07-01,2024,7,20657.0,20 modelled source markets only; NOT all-Malaysia total
FRA,France,Non-ASEAN,2024-08-01,2024,8,22505.0,20 modelled source markets only; NOT all-Malaysia total
FRA,France,Non-ASEAN,2024-09-01,2024,9,11235.0,20 modelled source markets only; NOT all-Malaysia total
FRA,France,Non-ASEAN,2024-10-01,2024,10,13863.0,20 modelled source markets only; NOT all-Malaysia total
FRA,France,Non-ASEAN,2024-11-01,2024,11,9264.0,20 modelled source markets only; NOT all-Malaysia total
FRA,France,Non-ASEAN,2024-12-01,2024,12,11239.0,20 modelled source markets only; NOT all-Malaysia total
FRA,France,Non-ASEAN,2025-01-01,2025,1,14203.0,20 modelled source markets only; NOT all-Malaysia total
FRA,France,Non-ASEAN,2025-02-01,2025,2,17561.0,20 modelled source markets only; NOT all-Malaysia total
FRA,France,Non-ASEAN,2025-03-01,2025,3,12689.0,20 modelled source markets only; NOT all-Malaysia total
FRA,France,Non-ASEAN,2025-04-01,2025,4,17996.0,20 modelled source markets only; NOT all-Malaysia total
FRA,France,Non-ASEAN,2025-05-01,2025,5,16673.0,20 modelled source markets only; NOT all-Malaysia total
FRA,France,Non-ASEAN,2025-06-01,2025,6,14554.0,20 modelled source markets only; NOT all-Malaysia total
FRA,France,Non-ASEAN,2025-07-01,2025,7,26027.0,20 modelled source markets only; NOT all-Malaysia total
FRA,France,Non-ASEAN,2025-08-01,2025,8,27386.0,20 modelled source markets only; NOT all-Malaysia total
FRA,France,Non-ASEAN,2025-09-01,2025,9,13546.0,20 modelled source markets only; NOT all-Malaysia total
FRA,France,Non-ASEAN,2025-10-01,2025,10,13981.0,20 modelled source markets only; NOT all-Malaysia total
FRA,France,Non-ASEAN,2025-11-01,2025,11,11492.0,20 modelled source markets only; NOT all-Malaysia total
FRA,France,Non-ASEAN,2025-12-01,2025,12,13308.0,20 modelled source markets only; NOT all-Malaysia total
FRA,France,Non-ASEAN,2026-01-01,2026,1,16583.0,20 modelled source markets only; NOT all-Malaysia total
FRA,France,Non-ASEAN,2026-02-01,2026,2,18790.0,20 modelled source markets only; NOT all-Malaysia total
FRA,France,Non-ASEAN,2026-03-01,2026,3,14590.0,20 modelled source markets only; NOT all-Malaysia total
FRA,France,Non-ASEAN,2026-04-01,2026,4,21991.0,20 modelled source markets only; NOT all-Malaysia total
FRA,France,Non-ASEAN,2026-05-01,2026,5,15957.0,20 modelled source markets only; NOT all-Malaysia total
GBR,United Kingdom,Non-ASEAN,2017-03-01,2017,3,29699.0,20 modelled source markets only; NOT all-Malaysia total
GBR,United Kingdom,Non-ASEAN,2017-04-01,2017,4,33003.0,20 modelled source markets only; NOT all-Malaysia total
GBR,United Kingdom,Non-ASEAN,2017-05-01,2017,5,24440.0,20 modelled source markets only; NOT all-Malaysia total
GBR,United Kingdom,Non-ASEAN,2017-06-01,2017,6,25325.0,20 modelled source markets only; NOT all-Malaysia total
GBR,United Kingdom,Non-ASEAN,2017-07-01,2017,7,34707.0,20 modelled source markets only; NOT all-Malaysia total
GBR,United Kingdom,Non-ASEAN,2017-08-01,2017,8,36765.0,20 modelled source markets only; NOT all-Malaysia total
GBR,United Kingdom,Non-ASEAN,2017-09-01,2017,9,30917.0,20 modelled source markets only; NOT all-Malaysia total
GBR,United Kingdom,Non-ASEAN,2017-10-01,2017,10,30014.0,20 modelled source markets only; NOT all-Malaysia total
GBR,United Kingdom,Non-ASEAN,2017-11-01,2017,11,25212.0,20 modelled source markets only; NOT all-Malaysia total
GBR,United Kingdom,Non-ASEAN,2017-12-01,2017,12,27275.0,20 modelled source markets only; NOT all-Malaysia total
GBR,United Kingdom,Non-ASEAN,2018-01-01,2018,1,29235.0,20 modelled source markets only; NOT all-Malaysia total
GBR,United Kingdom,Non-ASEAN,2018-02-01,2018,2,32192.0,20 modelled source markets only; NOT all-Malaysia total
GBR,United Kingdom,Non-ASEAN,2018-03-01,2018,3,34025.0,20 modelled source markets only; NOT all-Malaysia total
GBR,United Kingdom,Non-ASEAN,2018-04-01,2018,4,30688.0,20 modelled source markets only; NOT all-Malaysia total
GBR,United Kingdom,Non-ASEAN,2018-05-01,2018,5,25460.0,20 modelled source markets only; NOT all-Malaysia total
GBR,United Kingdom,Non-ASEAN,2018-06-01,2018,6,26728.0,20 modelled source markets only; NOT all-Malaysia total
GBR,United Kingdom,Non-ASEAN,2018-07-01,2018,7,36221.0,20 modelled source markets only; NOT all-Malaysia total
GBR,United Kingdom,Non-ASEAN,2018-08-01,2018,8,37019.0,20 modelled source markets only; NOT all-Malaysia total
GBR,United Kingdom,Non-ASEAN,2018-09-01,2018,9,27031.0,20 modelled source markets only; NOT all-Malaysia total
GBR,United Kingdom,Non-ASEAN,2018-10-01,2018,10,29510.0,20 modelled source markets only; NOT all-Malaysia total
GBR,United Kingdom,Non-ASEAN,2018-11-01,2018,11,26452.0,20 modelled source markets only; NOT all-Malaysia total
GBR,United Kingdom,Non-ASEAN,2018-12-01,2018,12,26774.0,20 modelled source markets only; NOT all-Malaysia total
GBR,United Kingdom,Non-ASEAN,2019-01-01,2019,1,29814.0,20 modelled source markets only; NOT all-Malaysia total
GBR,United Kingdom,Non-ASEAN,2019-02-01,2019,2,31169.0,20 modelled source markets only; NOT all-Malaysia total
GBR,United Kingdom,Non-ASEAN,2019-03-01,2019,3,31806.0,20 modelled source markets only; NOT all-Malaysia total
GBR,United Kingdom,Non-ASEAN,2019-04-01,2019,4,34419.0,20 modelled source markets only; NOT all-Malaysia total
GBR,United Kingdom,Non-ASEAN,2019-05-01,2019,5,24350.0,20 modelled source markets only; NOT all-Malaysia total
GBR,United Kingdom,Non-ASEAN,2019-06-01,2019,6,27393.0,20 modelled source markets only; NOT all-Malaysia total
GBR,United Kingdom,Non-ASEAN,2019-07-01,2019,7,36688.0,20 modelled source markets only; NOT all-Malaysia total
GBR,United Kingdom,Non-ASEAN,2019-08-01,2019,8,37848.0,20 modelled source markets only; NOT all-Malaysia total
GBR,United Kingdom,Non-ASEAN,2019-09-01,2019,9,23095.0,20 modelled source markets only; NOT all-Malaysia total
GBR,United Kingdom,Non-ASEAN,2019-10-01,2019,10,24053.0,20 modelled source markets only; NOT all-Malaysia total
GBR,United Kingdom,Non-ASEAN,2019-11-01,2019,11,23552.0,20 modelled source markets only; NOT all-Malaysia total
GBR,United Kingdom,Non-ASEAN,2019-12-01,2019,12,22298.0,20 modelled source markets only; NOT all-Malaysia total
GBR,United Kingdom,Non-ASEAN,2020-01-01,2020,1,26670.0,20 modelled source markets only; NOT all-Malaysia total
GBR,United Kingdom,Non-ASEAN,2020-02-01,2020,2,25042.0,20 modelled source markets only; NOT all-Malaysia total
GBR,United Kingdom,Non-ASEAN,2020-03-01,2020,3,11235.0,20 modelled source markets only; NOT all-Malaysia total
GBR,United Kingdom,Non-ASEAN,2020-04-01,2020,4,19.0,20 modelled source markets only; NOT all-Malaysia total
GBR,United Kingdom,Non-ASEAN,2020-05-01,2020,5,23.0,20 modelled source markets only; NOT all-Malaysia total
GBR,United Kingdom,Non-ASEAN,2020-06-01,2020,6,61.0,20 modelled source markets only; NOT all-Malaysia total
GBR,United Kingdom,Non-ASEAN,2020-07-01,2020,7,115.0,20 modelled source markets only; NOT all-Malaysia total
GBR,United Kingdom,Non-ASEAN,2020-08-01,2020,8,123.0,20 modelled source markets only; NOT all-Malaysia total
GBR,United Kingdom,Non-ASEAN,2020-09-01,2020,9,264.0,20 modelled source markets only; NOT all-Malaysia total
GBR,United Kingdom,Non-ASEAN,2020-10-01,2020,10,81.0,20 modelled source markets only; NOT all-Malaysia total
GBR,United Kingdom,Non-ASEAN,2020-11-01,2020,11,123.0,20 modelled source markets only; NOT all-Malaysia total
GBR,United Kingdom,Non-ASEAN,2020-12-01,2020,12,112.0,20 modelled source markets only; NOT all-Malaysia total
GBR,United Kingdom,Non-ASEAN,2021-01-01,2021,1,124.0,20 modelled source markets only; NOT all-Malaysia total
GBR,United Kingdom,Non-ASEAN,2021-02-01,2021,2,133.0,20 modelled source markets only; NOT all-Malaysia total
GBR,United Kingdom,Non-ASEAN,2021-03-01,2021,3,138.0,20 modelled source markets only; NOT all-Malaysia total
GBR,United Kingdom,Non-ASEAN,2021-04-01,2021,4,139.0,20 modelled source markets only; NOT all-Malaysia total
GBR,United Kingdom,Non-ASEAN,2021-05-01,2021,5,120.0,20 modelled source markets only; NOT all-Malaysia total
GBR,United Kingdom,Non-ASEAN,2021-06-01,2021,6,79.0,20 modelled source markets only; NOT all-Malaysia total
GBR,United Kingdom,Non-ASEAN,2021-07-01,2021,7,160.0,20 modelled source markets only; NOT all-Malaysia total
GBR,United Kingdom,Non-ASEAN,2021-08-01,2021,8,253.0,20 modelled source markets only; NOT all-Malaysia total
GBR,United Kingdom,Non-ASEAN,2021-09-01,2021,9,178.0,20 modelled source markets only; NOT all-Malaysia total
GBR,United Kingdom,Non-ASEAN,2021-10-01,2021,10,215.0,20 modelled source markets only; NOT all-Malaysia total
GBR,United Kingdom,Non-ASEAN,2021-11-01,2021,11,299.0,20 modelled source markets only; NOT all-Malaysia total
GBR,United Kingdom,Non-ASEAN,2021-12-01,2021,12,838.0,20 modelled source markets only; NOT all-Malaysia total
GBR,United Kingdom,Non-ASEAN,2022-01-01,2022,1,850.0,20 modelled source markets only; NOT all-Malaysia total
GBR,United Kingdom,Non-ASEAN,2022-02-01,2022,2,702.0,20 modelled source markets only; NOT all-Malaysia total
GBR,United Kingdom,Non-ASEAN,2022-03-01,2022,3,991.0,20 modelled source markets only; NOT all-Malaysia total
GBR,United Kingdom,Non-ASEAN,2022-04-01,2022,4,6868.0,20 modelled source markets only; NOT all-Malaysia total
GBR,United Kingdom,Non-ASEAN,2022-05-01,2022,5,8949.0,20 modelled source markets only; NOT all-Malaysia total
GBR,United Kingdom,Non-ASEAN,2022-06-01,2022,6,10569.0,20 modelled source markets only; NOT all-Malaysia total
GBR,United Kingdom,Non-ASEAN,2022-07-01,2022,7,17058.0,20 modelled source markets only; NOT all-Malaysia total
GBR,United Kingdom,Non-ASEAN,2022-08-01,2022,8,18498.0,20 modelled source markets only; NOT all-Malaysia total
GBR,United Kingdom,Non-ASEAN,2022-09-01,2022,9,14530.0,20 modelled source markets only; NOT all-Malaysia total
GBR,United Kingdom,Non-ASEAN,2022-10-01,2022,10,19564.0,20 modelled source markets only; NOT all-Malaysia total
GBR,United Kingdom,Non-ASEAN,2022-11-01,2022,11,16947.0,20 modelled source markets only; NOT all-Malaysia total
GBR,United Kingdom,Non-ASEAN,2022-12-01,2022,12,19141.0,20 modelled source markets only; NOT all-Malaysia total
GBR,United Kingdom,Non-ASEAN,2023-01-01,2023,1,20610.0,20 modelled source markets only; NOT all-Malaysia total
GBR,United Kingdom,Non-ASEAN,2023-02-01,2023,2,20486.0,20 modelled source markets only; NOT all-Malaysia total
GBR,United Kingdom,Non-ASEAN,2023-03-01,2023,3,22914.0,20 modelled source markets only; NOT all-Malaysia total
GBR,United Kingdom,Non-ASEAN,2023-04-01,2023,4,23338.0,20 modelled source markets only; NOT all-Malaysia total
GBR,United Kingdom,Non-ASEAN,2023-05-01,2023,5,19276.0,20 modelled source markets only; NOT all-Malaysia total
GBR,United Kingdom,Non-ASEAN,2023-06-01,2023,6,16226.0,20 modelled source markets only; NOT all-Malaysia total
GBR,United Kingdom,Non-ASEAN,2023-07-01,2023,7,28328.0,20 modelled source markets only; NOT all-Malaysia total
GBR,United Kingdom,Non-ASEAN,2023-08-01,2023,8,27547.0,20 modelled source markets only; NOT all-Malaysia total
GBR,United Kingdom,Non-ASEAN,2023-09-01,2023,9,20138.0,20 modelled source markets only; NOT all-Malaysia total
GBR,United Kingdom,Non-ASEAN,2023-10-01,2023,10,22078.0,20 modelled source markets only; NOT all-Malaysia total
GBR,United Kingdom,Non-ASEAN,2023-11-01,2023,11,21837.0,20 modelled source markets only; NOT all-Malaysia total
GBR,United Kingdom,Non-ASEAN,2023-12-01,2023,12,29519.0,20 modelled source markets only; NOT all-Malaysia total
GBR,United Kingdom,Non-ASEAN,2024-01-01,2024,1,29612.0,20 modelled source markets only; NOT all-Malaysia total
GBR,United Kingdom,Non-ASEAN,2024-02-01,2024,2,34175.0,20 modelled source markets only; NOT all-Malaysia total
GBR,United Kingdom,Non-ASEAN,2024-03-01,2024,3,37792.0,20 modelled source markets only; NOT all-Malaysia total
GBR,United Kingdom,Non-ASEAN,2024-04-01,2024,4,28311.0,20 modelled source markets only; NOT all-Malaysia total
GBR,United Kingdom,Non-ASEAN,2024-05-01,2024,5,22542.0,20 modelled source markets only; NOT all-Malaysia total
GBR,United Kingdom,Non-ASEAN,2024-06-01,2024,6,23113.0,20 modelled source markets only; NOT all-Malaysia total
GBR,United Kingdom,Non-ASEAN,2024-07-01,2024,7,32644.0,20 modelled source markets only; NOT all-Malaysia total
GBR,United Kingdom,Non-ASEAN,2024-08-01,2024,8,32626.0,20 modelled source markets only; NOT all-Malaysia total
GBR,United Kingdom,Non-ASEAN,2024-09-01,2024,9,21457.0,20 modelled source markets only; NOT all-Malaysia total
GBR,United Kingdom,Non-ASEAN,2024-10-01,2024,10,28128.0,20 modelled source markets only; NOT all-Malaysia total
GBR,United Kingdom,Non-ASEAN,2024-11-01,2024,11,25580.0,20 modelled source markets only; NOT all-Malaysia total
GBR,United Kingdom,Non-ASEAN,2024-12-01,2024,12,29458.0,20 modelled source markets only; NOT all-Malaysia total
GBR,United Kingdom,Non-ASEAN,2025-01-01,2025,1,33111.0,20 modelled source markets only; NOT all-Malaysia total
GBR,United Kingdom,Non-ASEAN,2025-02-01,2025,2,32573.0,20 modelled source markets only; NOT all-Malaysia total
GBR,United Kingdom,Non-ASEAN,2025-03-01,2025,3,33444.0,20 modelled source markets only; NOT all-Malaysia total
GBR,United Kingdom,Non-ASEAN,2025-04-01,2025,4,34864.0,20 modelled source markets only; NOT all-Malaysia total
GBR,United Kingdom,Non-ASEAN,2025-05-01,2025,5,28104.0,20 modelled source markets only; NOT all-Malaysia total
GBR,United Kingdom,Non-ASEAN,2025-06-01,2025,6,26446.0,20 modelled source markets only; NOT all-Malaysia total
GBR,United Kingdom,Non-ASEAN,2025-07-01,2025,7,37227.0,20 modelled source markets only; NOT all-Malaysia total
GBR,United Kingdom,Non-ASEAN,2025-08-01,2025,8,35518.0,20 modelled source markets only; NOT all-Malaysia total
GBR,United Kingdom,Non-ASEAN,2025-09-01,2025,9,23771.0,20 modelled source markets only; NOT all-Malaysia total
GBR,United Kingdom,Non-ASEAN,2025-10-01,2025,10,29369.0,20 modelled source markets only; NOT all-Malaysia total
GBR,United Kingdom,Non-ASEAN,2025-11-01,2025,11,28933.0,20 modelled source markets only; NOT all-Malaysia total
GBR,United Kingdom,Non-ASEAN,2025-12-01,2025,12,33440.0,20 modelled source markets only; NOT all-Malaysia total
GBR,United Kingdom,Non-ASEAN,2026-01-01,2026,1,35195.0,20 modelled source markets only; NOT all-Malaysia total
GBR,United Kingdom,Non-ASEAN,2026-02-01,2026,2,37033.0,20 modelled source markets only; NOT all-Malaysia total
GBR,United Kingdom,Non-ASEAN,2026-03-01,2026,3,34517.0,20 modelled source markets only; NOT all-Malaysia total
GBR,United Kingdom,Non-ASEAN,2026-04-01,2026,4,30577.0,20 modelled source markets only; NOT all-Malaysia total
GBR,United Kingdom,Non-ASEAN,2026-05-01,2026,5,24642.0,20 modelled source markets only; NOT all-Malaysia total
IDN,Indonesia,ASEAN,2017-03-01,2017,3,235283.0,20 modelled source markets only; NOT all-Malaysia total
IDN,Indonesia,ASEAN,2017-04-01,2017,4,258602.0,20 modelled source markets only; NOT all-Malaysia total
IDN,Indonesia,ASEAN,2017-05-01,2017,5,203136.0,20 modelled source markets only; NOT all-Malaysia total
IDN,Indonesia,ASEAN,2017-06-01,2017,6,234474.0,20 modelled source markets only; NOT all-Malaysia total
IDN,Indonesia,ASEAN,2017-07-01,2017,7,250818.0,20 modelled source markets only; NOT all-Malaysia total
IDN,Indonesia,ASEAN,2017-08-01,2017,8,214670.0,20 modelled source markets only; NOT all-Malaysia total
IDN,Indonesia,ASEAN,2017-09-01,2017,9,207674.0,20 modelled source markets only; NOT all-Malaysia total
IDN,Indonesia,ASEAN,2017-10-01,2017,10,239808.0,20 modelled source markets only; NOT all-Malaysia total
IDN,Indonesia,ASEAN,2017-11-01,2017,11,229656.0,20 modelled source markets only; NOT all-Malaysia total
IDN,Indonesia,ASEAN,2017-12-01,2017,12,253403.0,20 modelled source markets only; NOT all-Malaysia total
IDN,Indonesia,ASEAN,2018-01-01,2018,1,291830.0,20 modelled source markets only; NOT all-Malaysia total
IDN,Indonesia,ASEAN,2018-02-01,2018,2,237462.0,20 modelled source markets only; NOT all-Malaysia total
IDN,Indonesia,ASEAN,2018-03-01,2018,3,260258.0,20 modelled source markets only; NOT all-Malaysia total
IDN,Indonesia,ASEAN,2018-04-01,2018,4,253795.0,20 modelled source markets only; NOT all-Malaysia total
IDN,Indonesia,ASEAN,2018-05-01,2018,5,249033.0,20 modelled source markets only; NOT all-Malaysia total
IDN,Indonesia,ASEAN,2018-06-01,2018,6,322832.0,20 modelled source markets only; NOT all-Malaysia total
IDN,Indonesia,ASEAN,2018-07-01,2018,7,306074.0,20 modelled source markets only; NOT all-Malaysia total
IDN,Indonesia,ASEAN,2018-08-01,2018,8,260896.0,20 modelled source markets only; NOT all-Malaysia total
IDN,Indonesia,ASEAN,2018-09-01,2018,9,256766.0,20 modelled source markets only; NOT all-Malaysia total
IDN,Indonesia,ASEAN,2018-10-01,2018,10,262194.0,20 modelled source markets only; NOT all-Malaysia total
IDN,Indonesia,ASEAN,2018-11-01,2018,11,256986.0,20 modelled source markets only; NOT all-Malaysia total
IDN,Indonesia,ASEAN,2018-12-01,2018,12,319563.0,20 modelled source markets only; NOT all-Malaysia total
IDN,Indonesia,ASEAN,2019-01-01,2019,1,314855.0,20 modelled source markets only; NOT all-Malaysia total
IDN,Indonesia,ASEAN,2019-02-01,2019,2,297666.0,20 modelled source markets only; NOT all-Malaysia total
IDN,Indonesia,ASEAN,2019-03-01,2019,3,312395.0,20 modelled source markets only; NOT all-Malaysia total
IDN,Indonesia,ASEAN,2019-04-01,2019,4,298641.0,20 modelled source markets only; NOT all-Malaysia total
IDN,Indonesia,ASEAN,2019-05-01,2019,5,253068.0,20 modelled source markets only; NOT all-Malaysia total
IDN,Indonesia,ASEAN,2019-06-01,2019,6,381239.0,20 modelled source markets only; NOT all-Malaysia total
IDN,Indonesia,ASEAN,2019-07-01,2019,7,372318.0,20 modelled source markets only; NOT all-Malaysia total
IDN,Indonesia,ASEAN,2019-08-01,2019,8,291572.0,20 modelled source markets only; NOT all-Malaysia total
IDN,Indonesia,ASEAN,2019-09-01,2019,9,271022.0,20 modelled source markets only; NOT all-Malaysia total
IDN,Indonesia,ASEAN,2019-10-01,2019,10,270118.0,20 modelled source markets only; NOT all-Malaysia total
IDN,Indonesia,ASEAN,2019-11-01,2019,11,268805.0,20 modelled source markets only; NOT all-Malaysia total
IDN,Indonesia,ASEAN,2019-12-01,2019,12,291578.0,20 modelled source markets only; NOT all-Malaysia total
IDN,Indonesia,ASEAN,2020-01-01,2020,1,332890.0,20 modelled source markets only; NOT all-Malaysia total
IDN,Indonesia,ASEAN,2020-02-01,2020,2,256212.0,20 modelled source markets only; NOT all-Malaysia total
IDN,Indonesia,ASEAN,2020-03-01,2020,3,112040.0,20 modelled source markets only; NOT all-Malaysia total
IDN,Indonesia,ASEAN,2020-04-01,2020,4,287.0,20 modelled source markets only; NOT all-Malaysia total
IDN,Indonesia,ASEAN,2020-05-01,2020,5,171.0,20 modelled source markets only; NOT all-Malaysia total
IDN,Indonesia,ASEAN,2020-06-01,2020,6,482.0,20 modelled source markets only; NOT all-Malaysia total
IDN,Indonesia,ASEAN,2020-07-01,2020,7,5975.0,20 modelled source markets only; NOT all-Malaysia total
IDN,Indonesia,ASEAN,2020-08-01,2020,8,744.0,20 modelled source markets only; NOT all-Malaysia total
IDN,Indonesia,ASEAN,2020-09-01,2020,9,1317.0,20 modelled source markets only; NOT all-Malaysia total
IDN,Indonesia,ASEAN,2020-10-01,2020,10,462.0,20 modelled source markets only; NOT all-Malaysia total
IDN,Indonesia,ASEAN,2020-11-01,2020,11,552.0,20 modelled source markets only; NOT all-Malaysia total
IDN,Indonesia,ASEAN,2020-12-01,2020,12,591.0,20 modelled source markets only; NOT all-Malaysia total
IDN,Indonesia,ASEAN,2021-01-01,2021,1,673.0,20 modelled source markets only; NOT all-Malaysia total
IDN,Indonesia,ASEAN,2021-02-01,2021,2,720.0,20 modelled source markets only; NOT all-Malaysia total
IDN,Indonesia,ASEAN,2021-03-01,2021,3,1109.0,20 modelled source markets only; NOT all-Malaysia total
IDN,Indonesia,ASEAN,2021-04-01,2021,4,909.0,20 modelled source markets only; NOT all-Malaysia total
IDN,Indonesia,ASEAN,2021-05-01,2021,5,633.0,20 modelled source markets only; NOT all-Malaysia total
IDN,Indonesia,ASEAN,2021-06-01,2021,6,427.0,20 modelled source markets only; NOT all-Malaysia total
IDN,Indonesia,ASEAN,2021-07-01,2021,7,486.0,20 modelled source markets only; NOT all-Malaysia total
IDN,Indonesia,ASEAN,2021-08-01,2021,8,464.0,20 modelled source markets only; NOT all-Malaysia total
IDN,Indonesia,ASEAN,2021-09-01,2021,9,638.0,20 modelled source markets only; NOT all-Malaysia total
IDN,Indonesia,ASEAN,2021-10-01,2021,10,933.0,20 modelled source markets only; NOT all-Malaysia total
IDN,Indonesia,ASEAN,2021-11-01,2021,11,1539.0,20 modelled source markets only; NOT all-Malaysia total
IDN,Indonesia,ASEAN,2021-12-01,2021,12,2494.0,20 modelled source markets only; NOT all-Malaysia total
IDN,Indonesia,ASEAN,2022-01-01,2022,1,1714.0,20 modelled source markets only; NOT all-Malaysia total
IDN,Indonesia,ASEAN,2022-02-01,2022,2,1756.0,20 modelled source markets only; NOT all-Malaysia total
IDN,Indonesia,ASEAN,2022-03-01,2022,3,3475.0,20 modelled source markets only; NOT all-Malaysia total
IDN,Indonesia,ASEAN,2022-04-01,2022,4,30855.0,20 modelled source markets only; NOT all-Malaysia total
IDN,Indonesia,ASEAN,2022-05-01,2022,5,89152.0,20 modelled source markets only; NOT all-Malaysia total
IDN,Indonesia,ASEAN,2022-06-01,2022,6,143604.0,20 modelled source markets only; NOT all-Malaysia total
IDN,Indonesia,ASEAN,2022-07-01,2022,7,164600.0,20 modelled source markets only; NOT all-Malaysia total
IDN,Indonesia,ASEAN,2022-08-01,2022,8,179326.0,20 modelled source markets only; NOT all-Malaysia total
IDN,Indonesia,ASEAN,2022-09-01,2022,9,184584.0,20 modelled source markets only; NOT all-Malaysia total
IDN,Indonesia,ASEAN,2022-10-01,2022,10,210205.0,20 modelled source markets only; NOT all-Malaysia total
IDN,Indonesia,ASEAN,2022-11-01,2022,11,208239.0,20 modelled source markets only; NOT all-Malaysia total
IDN,Indonesia,ASEAN,2022-12-01,2022,12,264229.0,20 modelled source markets only; NOT all-Malaysia total
IDN,Indonesia,ASEAN,2023-01-01,2023,1,247889.0,20 modelled source markets only; NOT all-Malaysia total
IDN,Indonesia,ASEAN,2023-02-01,2023,2,222923.0,20 modelled source markets only; NOT all-Malaysia total
IDN,Indonesia,ASEAN,2023-03-01,2023,3,233335.0,20 modelled source markets only; NOT all-Malaysia total
IDN,Indonesia,ASEAN,2023-04-01,2023,4,247393.0,20 modelled source markets only; NOT all-Malaysia total
IDN,Indonesia,ASEAN,2023-05-01,2023,5,262585.0,20 modelled source markets only; NOT all-Malaysia total
IDN,Indonesia,ASEAN,2023-06-01,2023,6,236810.0,20 modelled source markets only; NOT all-Malaysia total
IDN,Indonesia,ASEAN,2023-07-01,2023,7,279947.0,20 modelled source markets only; NOT all-Malaysia total
IDN,Indonesia,ASEAN,2023-08-01,2023,8,241835.0,20 modelled source markets only; NOT all-Malaysia total
IDN,Indonesia,ASEAN,2023-09-01,2023,9,255274.0,20 modelled source markets only; NOT all-Malaysia total
IDN,Indonesia,ASEAN,2023-10-01,2023,10,258748.0,20 modelled source markets only; NOT all-Malaysia total
IDN,Indonesia,ASEAN,2023-11-01,2023,11,273906.0,20 modelled source markets only; NOT all-Malaysia total
IDN,Indonesia,ASEAN,2023-12-01,2023,12,347520.0,20 modelled source markets only; NOT all-Malaysia total
IDN,Indonesia,ASEAN,2024-01-01,2024,1,312632.0,20 modelled source markets only; NOT all-Malaysia total
IDN,Indonesia,ASEAN,2024-02-01,2024,2,282665.0,20 modelled source markets only; NOT all-Malaysia total
IDN,Indonesia,ASEAN,2024-03-01,2024,3,257352.0,20 modelled source markets only; NOT all-Malaysia total
IDN,Indonesia,ASEAN,2024-04-01,2024,4,298290.0,20 modelled source markets only; NOT all-Malaysia total
IDN,Indonesia,ASEAN,2024-05-01,2024,5,296438.0,20 modelled source markets only; NOT all-Malaysia total
IDN,Indonesia,ASEAN,2024-06-01,2024,6,339253.0,20 modelled source markets only; NOT all-Malaysia total
IDN,Indonesia,ASEAN,2024-07-01,2024,7,320959.0,20 modelled source markets only; NOT all-Malaysia total
IDN,Indonesia,ASEAN,2024-08-01,2024,8,291768.0,20 modelled source markets only; NOT all-Malaysia total
IDN,Indonesia,ASEAN,2024-09-01,2024,9,282534.0,20 modelled source markets only; NOT all-Malaysia total
IDN,Indonesia,ASEAN,2024-10-01,2024,10,319081.0,20 modelled source markets only; NOT all-Malaysia total
IDN,Indonesia,ASEAN,2024-11-01,2024,11,268141.0,20 modelled source markets only; NOT all-Malaysia total
IDN,Indonesia,ASEAN,2024-12-01,2024,12,382555.0,20 modelled source markets only; NOT all-Malaysia total
IDN,Indonesia,ASEAN,2025-01-01,2025,1,394234.0,20 modelled source markets only; NOT all-Malaysia total
IDN,Indonesia,ASEAN,2025-02-01,2025,2,292149.0,20 modelled source markets only; NOT all-Malaysia total
IDN,Indonesia,ASEAN,2025-03-01,2025,3,269155.0,20 modelled source markets only; NOT all-Malaysia total
IDN,Indonesia,ASEAN,2025-04-01,2025,4,333441.0,20 modelled source markets only; NOT all-Malaysia total
IDN,Indonesia,ASEAN,2025-05-01,2025,5,309533.0,20 modelled source markets only; NOT all-Malaysia total
IDN,Indonesia,ASEAN,2025-06-01,2025,6,334498.0,20 modelled source markets only; NOT all-Malaysia total
IDN,Indonesia,ASEAN,2025-07-01,2025,7,361379.0,20 modelled source markets only; NOT all-Malaysia total
IDN,Indonesia,ASEAN,2025-08-01,2025,8,273129.0,20 modelled source markets only; NOT all-Malaysia total
IDN,Indonesia,ASEAN,2025-09-01,2025,9,280495.0,20 modelled source markets only; NOT all-Malaysia total
IDN,Indonesia,ASEAN,2025-10-01,2025,10,277081.0,20 modelled source markets only; NOT all-Malaysia total
IDN,Indonesia,ASEAN,2025-11-01,2025,11,283103.0,20 modelled source markets only; NOT all-Malaysia total
IDN,Indonesia,ASEAN,2025-12-01,2025,12,346932.0,20 modelled source markets only; NOT all-Malaysia total
IDN,Indonesia,ASEAN,2026-01-01,2026,1,343500.0,20 modelled source markets only; NOT all-Malaysia total
IDN,Indonesia,ASEAN,2026-02-01,2026,2,260267.0,20 modelled source markets only; NOT all-Malaysia total
IDN,Indonesia,ASEAN,2026-03-01,2026,3,307850.0,20 modelled source markets only; NOT all-Malaysia total
IDN,Indonesia,ASEAN,2026-04-01,2026,4,284003.0,20 modelled source markets only; NOT all-Malaysia total
IDN,Indonesia,ASEAN,2026-05-01,2026,5,278983.0,20 modelled source markets only; NOT all-Malaysia total
IND,India,Non-ASEAN,2017-03-01,2017,3,38422.0,20 modelled source markets only; NOT all-Malaysia total
IND,India,Non-ASEAN,2017-04-01,2017,4,43974.0,20 modelled source markets only; NOT all-Malaysia total
IND,India,Non-ASEAN,2017-05-01,2017,5,65422.0,20 modelled source markets only; NOT all-Malaysia total
IND,India,Non-ASEAN,2017-06-01,2017,6,49315.0,20 modelled source markets only; NOT all-Malaysia total
IND,India,Non-ASEAN,2017-07-01,2017,7,45499.0,20 modelled source markets only; NOT all-Malaysia total
IND,India,Non-ASEAN,2017-08-01,2017,8,40348.0,20 modelled source markets only; NOT all-Malaysia total
IND,India,Non-ASEAN,2017-09-01,2017,9,42129.0,20 modelled source markets only; NOT all-Malaysia total
IND,India,Non-ASEAN,2017-10-01,2017,10,53172.0,20 modelled source markets only; NOT all-Malaysia total
IND,India,Non-ASEAN,2017-11-01,2017,11,50505.0,20 modelled source markets only; NOT all-Malaysia total
IND,India,Non-ASEAN,2017-12-01,2017,12,52675.0,20 modelled source markets only; NOT all-Malaysia total
IND,India,Non-ASEAN,2018-01-01,2018,1,45543.0,20 modelled source markets only; NOT all-Malaysia total
IND,India,Non-ASEAN,2018-02-01,2018,2,42423.0,20 modelled source markets only; NOT all-Malaysia total
IND,India,Non-ASEAN,2018-03-01,2018,3,45049.0,20 modelled source markets only; NOT all-Malaysia total
IND,India,Non-ASEAN,2018-04-01,2018,4,53232.0,20 modelled source markets only; NOT all-Malaysia total
IND,India,Non-ASEAN,2018-05-01,2018,5,69655.0,20 modelled source markets only; NOT all-Malaysia total
IND,India,Non-ASEAN,2018-06-01,2018,6,51853.0,20 modelled source markets only; NOT all-Malaysia total
IND,India,Non-ASEAN,2018-07-01,2018,7,44161.0,20 modelled source markets only; NOT all-Malaysia total
IND,India,Non-ASEAN,2018-08-01,2018,8,43134.0,20 modelled source markets only; NOT all-Malaysia total
IND,India,Non-ASEAN,2018-09-01,2018,9,42686.0,20 modelled source markets only; NOT all-Malaysia total
IND,India,Non-ASEAN,2018-10-01,2018,10,57884.0,20 modelled source markets only; NOT all-Malaysia total
IND,India,Non-ASEAN,2018-11-01,2018,11,51911.0,20 modelled source markets only; NOT all-Malaysia total
IND,India,Non-ASEAN,2018-12-01,2018,12,52780.0,20 modelled source markets only; NOT all-Malaysia total
IND,India,Non-ASEAN,2019-01-01,2019,1,53736.0,20 modelled source markets only; NOT all-Malaysia total
IND,India,Non-ASEAN,2019-02-01,2019,2,51447.0,20 modelled source markets only; NOT all-Malaysia total
IND,India,Non-ASEAN,2019-03-01,2019,3,52507.0,20 modelled source markets only; NOT all-Malaysia total
IND,India,Non-ASEAN,2019-04-01,2019,4,57235.0,20 modelled source markets only; NOT all-Malaysia total
IND,India,Non-ASEAN,2019-05-01,2019,5,80684.0,20 modelled source markets only; NOT all-Malaysia total
IND,India,Non-ASEAN,2019-06-01,2019,6,58877.0,20 modelled source markets only; NOT all-Malaysia total
IND,India,Non-ASEAN,2019-07-01,2019,7,51542.0,20 modelled source markets only; NOT all-Malaysia total
IND,India,Non-ASEAN,2019-08-01,2019,8,63617.0,20 modelled source markets only; NOT all-Malaysia total
IND,India,Non-ASEAN,2019-09-01,2019,9,69522.0,20 modelled source markets only; NOT all-Malaysia total
IND,India,Non-ASEAN,2019-10-01,2019,10,76129.0,20 modelled source markets only; NOT all-Malaysia total
IND,India,Non-ASEAN,2019-11-01,2019,11,71042.0,20 modelled source markets only; NOT all-Malaysia total
IND,India,Non-ASEAN,2019-12-01,2019,12,48971.0,20 modelled source markets only; NOT all-Malaysia total
IND,India,Non-ASEAN,2020-01-01,2020,1,76516.0,20 modelled source markets only; NOT all-Malaysia total
IND,India,Non-ASEAN,2020-02-01,2020,2,59488.0,20 modelled source markets only; NOT all-Malaysia total
IND,India,Non-ASEAN,2020-03-01,2020,3,17723.0,20 modelled source markets only; NOT all-Malaysia total
IND,India,Non-ASEAN,2020-04-01,2020,4,51.0,20 modelled source markets only; NOT all-Malaysia total
IND,India,Non-ASEAN,2020-05-01,2020,5,37.0,20 modelled source markets only; NOT all-Malaysia total
IND,India,Non-ASEAN,2020-06-01,2020,6,58.0,20 modelled source markets only; NOT all-Malaysia total
IND,India,Non-ASEAN,2020-07-01,2020,7,956.0,20 modelled source markets only; NOT all-Malaysia total
IND,India,Non-ASEAN,2020-08-01,2020,8,242.0,20 modelled source markets only; NOT all-Malaysia total
IND,India,Non-ASEAN,2020-09-01,2020,9,377.0,20 modelled source markets only; NOT all-Malaysia total
IND,India,Non-ASEAN,2020-10-01,2020,10,166.0,20 modelled source markets only; NOT all-Malaysia total
IND,India,Non-ASEAN,2020-11-01,2020,11,110.0,20 modelled source markets only; NOT all-Malaysia total
IND,India,Non-ASEAN,2020-12-01,2020,12,159.0,20 modelled source markets only; NOT all-Malaysia total
IND,India,Non-ASEAN,2021-01-01,2021,1,208.0,20 modelled source markets only; NOT all-Malaysia total
IND,India,Non-ASEAN,2021-02-01,2021,2,311.0,20 modelled source markets only; NOT all-Malaysia total
IND,India,Non-ASEAN,2021-03-01,2021,3,399.0,20 modelled source markets only; NOT all-Malaysia total
IND,India,Non-ASEAN,2021-04-01,2021,4,354.0,20 modelled source markets only; NOT all-Malaysia total
IND,India,Non-ASEAN,2021-05-01,2021,5,19.0,20 modelled source markets only; NOT all-Malaysia total
IND,India,Non-ASEAN,2021-06-01,2021,6,21.0,20 modelled source markets only; NOT all-Malaysia total
IND,India,Non-ASEAN,2021-07-01,2021,7,24.0,20 modelled source markets only; NOT all-Malaysia total
IND,India,Non-ASEAN,2021-08-01,2021,8,30.0,20 modelled source markets only; NOT all-Malaysia total
IND,India,Non-ASEAN,2021-09-01,2021,9,77.0,20 modelled source markets only; NOT all-Malaysia total
IND,India,Non-ASEAN,2021-10-01,2021,10,310.0,20 modelled source markets only; NOT all-Malaysia total
IND,India,Non-ASEAN,2021-11-01,2021,11,653.0,20 modelled source markets only; NOT all-Malaysia total
IND,India,Non-ASEAN,2021-12-01,2021,12,1510.0,20 modelled source markets only; NOT all-Malaysia total
IND,India,Non-ASEAN,2022-01-01,2022,1,1396.0,20 modelled source markets only; NOT all-Malaysia total
IND,India,Non-ASEAN,2022-02-01,2022,2,1138.0,20 modelled source markets only; NOT all-Malaysia total
IND,India,Non-ASEAN,2022-03-01,2022,3,1158.0,20 modelled source markets only; NOT all-Malaysia total
IND,India,Non-ASEAN,2022-04-01,2022,4,9678.0,20 modelled source markets only; NOT all-Malaysia total
IND,India,Non-ASEAN,2022-05-01,2022,5,23828.0,20 modelled source markets only; NOT all-Malaysia total
IND,India,Non-ASEAN,2022-06-01,2022,6,34643.0,20 modelled source markets only; NOT all-Malaysia total
IND,India,Non-ASEAN,2022-07-01,2022,7,37536.0,20 modelled source markets only; NOT all-Malaysia total
IND,India,Non-ASEAN,2022-08-01,2022,8,38193.0,20 modelled source markets only; NOT all-Malaysia total
IND,India,Non-ASEAN,2022-09-01,2022,9,39467.0,20 modelled source markets only; NOT all-Malaysia total
IND,India,Non-ASEAN,2022-10-01,2022,10,52229.0,20 modelled source markets only; NOT all-Malaysia total
IND,India,Non-ASEAN,2022-11-01,2022,11,40941.0,20 modelled source markets only; NOT all-Malaysia total
IND,India,Non-ASEAN,2022-12-01,2022,12,44341.0,20 modelled source markets only; NOT all-Malaysia total
IND,India,Non-ASEAN,2023-01-01,2023,1,35129.0,20 modelled source markets only; NOT all-Malaysia total
IND,India,Non-ASEAN,2023-02-01,2023,2,34438.0,20 modelled source markets only; NOT all-Malaysia total
IND,India,Non-ASEAN,2023-03-01,2023,3,41316.0,20 modelled source markets only; NOT all-Malaysia total
IND,India,Non-ASEAN,2023-04-01,2023,4,53683.0,20 modelled source markets only; NOT all-Malaysia total
IND,India,Non-ASEAN,2023-05-01,2023,5,66299.0,20 modelled source markets only; NOT all-Malaysia total
IND,India,Non-ASEAN,2023-06-01,2023,6,53020.0,20 modelled source markets only; NOT all-Malaysia total
IND,India,Non-ASEAN,2023-07-01,2023,7,54545.0,20 modelled source markets only; NOT all-Malaysia total
IND,India,Non-ASEAN,2023-08-01,2023,8,58517.0,20 modelled source markets only; NOT all-Malaysia total
IND,India,Non-ASEAN,2023-09-01,2023,9,75911.0,20 modelled source markets only; NOT all-Malaysia total
IND,India,Non-ASEAN,2023-10-01,2023,10,62535.0,20 modelled source markets only; NOT all-Malaysia total
IND,India,Non-ASEAN,2023-11-01,2023,11,52310.0,20 modelled source markets only; NOT all-Malaysia total
IND,India,Non-ASEAN,2023-12-01,2023,12,84143.0,20 modelled source markets only; NOT all-Malaysia total
IND,India,Non-ASEAN,2024-01-01,2024,1,66777.0,20 modelled source markets only; NOT all-Malaysia total
IND,India,Non-ASEAN,2024-02-01,2024,2,64691.0,20 modelled source markets only; NOT all-Malaysia total
IND,India,Non-ASEAN,2024-03-01,2024,3,81746.0,20 modelled source markets only; NOT all-Malaysia total
IND,India,Non-ASEAN,2024-04-01,2024,4,83380.0,20 modelled source markets only; NOT all-Malaysia total
IND,India,Non-ASEAN,2024-05-01,2024,5,129082.0,20 modelled source markets only; NOT all-Malaysia total
IND,India,Non-ASEAN,2024-06-01,2024,6,111817.0,20 modelled source markets only; NOT all-Malaysia total
IND,India,Non-ASEAN,2024-07-01,2024,7,86819.0,20 modelled source markets only; NOT all-Malaysia total
IND,India,Non-ASEAN,2024-08-01,2024,8,99645.0,20 modelled source markets only; NOT all-Malaysia total
IND,India,Non-ASEAN,2024-09-01,2024,9,91203.0,20 modelled source markets only; NOT all-Malaysia total
IND,India,Non-ASEAN,2024-10-01,2024,10,99833.0,20 modelled source markets only; NOT all-Malaysia total
IND,India,Non-ASEAN,2024-11-01,2024,11,94121.0,20 modelled source markets only; NOT all-Malaysia total
IND,India,Non-ASEAN,2024-12-01,2024,12,124217.0,20 modelled source markets only; NOT all-Malaysia total
IND,India,Non-ASEAN,2025-01-01,2025,1,98821.0,20 modelled source markets only; NOT all-Malaysia total
IND,India,Non-ASEAN,2025-02-01,2025,2,77656.0,20 modelled source markets only; NOT all-Malaysia total
IND,India,Non-ASEAN,2025-03-01,2025,3,96715.0,20 modelled source markets only; NOT all-Malaysia total
IND,India,Non-ASEAN,2025-04-01,2025,4,109209.0,20 modelled source markets only; NOT all-Malaysia total
IND,India,Non-ASEAN,2025-05-01,2025,5,144187.0,20 modelled source markets only; NOT all-Malaysia total
IND,India,Non-ASEAN,2025-06-01,2025,6,111868.0,20 modelled source markets only; NOT all-Malaysia total
IND,India,Non-ASEAN,2025-07-01,2025,7,104852.0,20 modelled source markets only; NOT all-Malaysia total
IND,India,Non-ASEAN,2025-08-01,2025,8,92904.0,20 modelled source markets only; NOT all-Malaysia total
IND,India,Non-ASEAN,2025-09-01,2025,9,97640.0,20 modelled source markets only; NOT all-Malaysia total
IND,India,Non-ASEAN,2025-10-01,2025,10,101051.0,20 modelled source markets only; NOT all-Malaysia total
IND,India,Non-ASEAN,2025-11-01,2025,11,96757.0,20 modelled source markets only; NOT all-Malaysia total
IND,India,Non-ASEAN,2025-12-01,2025,12,113309.0,20 modelled source markets only; NOT all-Malaysia total
IND,India,Non-ASEAN,2026-01-01,2026,1,89958.0,20 modelled source markets only; NOT all-Malaysia total
IND,India,Non-ASEAN,2026-02-01,2026,2,84744.0,20 modelled source markets only; NOT all-Malaysia total
IND,India,Non-ASEAN,2026-03-01,2026,3,87899.0,20 modelled source markets only; NOT all-Malaysia total
IND,India,Non-ASEAN,2026-04-01,2026,4,93299.0,20 modelled source markets only; NOT all-Malaysia total
IND,India,Non-ASEAN,2026-05-01,2026,5,121731.0,20 modelled source markets only; NOT all-Malaysia total
JPN,Japan,Non-ASEAN,2017-03-01,2017,3,38982.0,20 modelled source markets only; NOT all-Malaysia total
JPN,Japan,Non-ASEAN,2017-04-01,2017,4,27696.0,20 modelled source markets only; NOT all-Malaysia total
JPN,Japan,Non-ASEAN,2017-05-01,2017,5,27105.0,20 modelled source markets only; NOT all-Malaysia total
JPN,Japan,Non-ASEAN,2017-06-01,2017,6,24533.0,20 modelled source markets only; NOT all-Malaysia total
JPN,Japan,Non-ASEAN,2017-07-01,2017,7,30975.0,20 modelled source markets only; NOT all-Malaysia total
JPN,Japan,Non-ASEAN,2017-08-01,2017,8,42160.0,20 modelled source markets only; NOT all-Malaysia total
JPN,Japan,Non-ASEAN,2017-09-01,2017,9,35825.0,20 modelled source markets only; NOT all-Malaysia total
JPN,Japan,Non-ASEAN,2017-10-01,2017,10,33653.0,20 modelled source markets only; NOT all-Malaysia total
JPN,Japan,Non-ASEAN,2017-11-01,2017,11,33879.0,20 modelled source markets only; NOT all-Malaysia total
JPN,Japan,Non-ASEAN,2017-12-01,2017,12,32304.0,20 modelled source markets only; NOT all-Malaysia total
JPN,Japan,Non-ASEAN,2018-01-01,2018,1,32736.0,20 modelled source markets only; NOT all-Malaysia total
JPN,Japan,Non-ASEAN,2018-02-01,2018,2,33620.0,20 modelled source markets only; NOT all-Malaysia total
JPN,Japan,Non-ASEAN,2018-03-01,2018,3,37695.0,20 modelled source markets only; NOT all-Malaysia total
JPN,Japan,Non-ASEAN,2018-04-01,2018,4,27190.0,20 modelled source markets only; NOT all-Malaysia total
JPN,Japan,Non-ASEAN,2018-05-01,2018,5,28337.0,20 modelled source markets only; NOT all-Malaysia total
JPN,Japan,Non-ASEAN,2018-06-01,2018,6,26476.0,20 modelled source markets only; NOT all-Malaysia total
JPN,Japan,Non-ASEAN,2018-07-01,2018,7,32886.0,20 modelled source markets only; NOT all-Malaysia total
JPN,Japan,Non-ASEAN,2018-08-01,2018,8,45088.0,20 modelled source markets only; NOT all-Malaysia total
JPN,Japan,Non-ASEAN,2018-09-01,2018,9,34824.0,20 modelled source markets only; NOT all-Malaysia total
JPN,Japan,Non-ASEAN,2018-10-01,2018,10,33298.0,20 modelled source markets only; NOT all-Malaysia total
JPN,Japan,Non-ASEAN,2018-11-01,2018,11,29943.0,20 modelled source markets only; NOT all-Malaysia total
JPN,Japan,Non-ASEAN,2018-12-01,2018,12,32447.0,20 modelled source markets only; NOT all-Malaysia total
JPN,Japan,Non-ASEAN,2019-01-01,2019,1,32196.0,20 modelled source markets only; NOT all-Malaysia total
JPN,Japan,Non-ASEAN,2019-02-01,2019,2,34750.0,20 modelled source markets only; NOT all-Malaysia total
JPN,Japan,Non-ASEAN,2019-03-01,2019,3,37103.0,20 modelled source markets only; NOT all-Malaysia total
JPN,Japan,Non-ASEAN,2019-04-01,2019,4,34269.0,20 modelled source markets only; NOT all-Malaysia total
JPN,Japan,Non-ASEAN,2019-05-01,2019,5,28606.0,20 modelled source markets only; NOT all-Malaysia total
JPN,Japan,Non-ASEAN,2019-06-01,2019,6,29637.0,20 modelled source markets only; NOT all-Malaysia total
JPN,Japan,Non-ASEAN,2019-07-01,2019,7,35270.0,20 modelled source markets only; NOT all-Malaysia total
JPN,Japan,Non-ASEAN,2019-08-01,2019,8,51176.0,20 modelled source markets only; NOT all-Malaysia total
JPN,Japan,Non-ASEAN,2019-09-01,2019,9,38276.0,20 modelled source markets only; NOT all-Malaysia total
JPN,Japan,Non-ASEAN,2019-10-01,2019,10,35232.0,20 modelled source markets only; NOT all-Malaysia total
JPN,Japan,Non-ASEAN,2019-11-01,2019,11,33221.0,20 modelled source markets only; NOT all-Malaysia total
JPN,Japan,Non-ASEAN,2019-12-01,2019,12,34958.0,20 modelled source markets only; NOT all-Malaysia total
JPN,Japan,Non-ASEAN,2020-01-01,2020,1,32263.0,20 modelled source markets only; NOT all-Malaysia total
JPN,Japan,Non-ASEAN,2020-02-01,2020,2,32963.0,20 modelled source markets only; NOT all-Malaysia total
JPN,Japan,Non-ASEAN,2020-03-01,2020,3,7928.0,20 modelled source markets only; NOT all-Malaysia total
JPN,Japan,Non-ASEAN,2020-04-01,2020,4,11.0,20 modelled source markets only; NOT all-Malaysia total
JPN,Japan,Non-ASEAN,2020-05-01,2020,5,8.0,20 modelled source markets only; NOT all-Malaysia total
JPN,Japan,Non-ASEAN,2020-06-01,2020,6,28.0,20 modelled source markets only; NOT all-Malaysia total
JPN,Japan,Non-ASEAN,2020-07-01,2020,7,140.0,20 modelled source markets only; NOT all-Malaysia total
JPN,Japan,Non-ASEAN,2020-08-01,2020,8,186.0,20 modelled source markets only; NOT all-Malaysia total
JPN,Japan,Non-ASEAN,2020-09-01,2020,9,364.0,20 modelled source markets only; NOT all-Malaysia total
JPN,Japan,Non-ASEAN,2020-10-01,2020,10,181.0,20 modelled source markets only; NOT all-Malaysia total
JPN,Japan,Non-ASEAN,2020-11-01,2020,11,158.0,20 modelled source markets only; NOT all-Malaysia total
JPN,Japan,Non-ASEAN,2020-12-01,2020,12,153.0,20 modelled source markets only; NOT all-Malaysia total
JPN,Japan,Non-ASEAN,2021-01-01,2021,1,122.0,20 modelled source markets only; NOT all-Malaysia total
JPN,Japan,Non-ASEAN,2021-02-01,2021,2,128.0,20 modelled source markets only; NOT all-Malaysia total
JPN,Japan,Non-ASEAN,2021-03-01,2021,3,206.0,20 modelled source markets only; NOT all-Malaysia total
JPN,Japan,Non-ASEAN,2021-04-01,2021,4,296.0,20 modelled source markets only; NOT all-Malaysia total
JPN,Japan,Non-ASEAN,2021-05-01,2021,5,231.0,20 modelled source markets only; NOT all-Malaysia total
JPN,Japan,Non-ASEAN,2021-06-01,2021,6,118.0,20 modelled source markets only; NOT all-Malaysia total
JPN,Japan,Non-ASEAN,2021-07-01,2021,7,123.0,20 modelled source markets only; NOT all-Malaysia total
JPN,Japan,Non-ASEAN,2021-08-01,2021,8,210.0,20 modelled source markets only; NOT all-Malaysia total
JPN,Japan,Non-ASEAN,2021-09-01,2021,9,261.0,20 modelled source markets only; NOT all-Malaysia total
JPN,Japan,Non-ASEAN,2021-10-01,2021,10,406.0,20 modelled source markets only; NOT all-Malaysia total
JPN,Japan,Non-ASEAN,2021-11-01,2021,11,404.0,20 modelled source markets only; NOT all-Malaysia total
JPN,Japan,Non-ASEAN,2021-12-01,2021,12,609.0,20 modelled source markets only; NOT all-Malaysia total
JPN,Japan,Non-ASEAN,2022-01-01,2022,1,583.0,20 modelled source markets only; NOT all-Malaysia total
JPN,Japan,Non-ASEAN,2022-02-01,2022,2,413.0,20 modelled source markets only; NOT all-Malaysia total
JPN,Japan,Non-ASEAN,2022-03-01,2022,3,439.0,20 modelled source markets only; NOT all-Malaysia total
JPN,Japan,Non-ASEAN,2022-04-01,2022,4,3356.0,20 modelled source markets only; NOT all-Malaysia total
JPN,Japan,Non-ASEAN,2022-05-01,2022,5,5168.0,20 modelled source markets only; NOT all-Malaysia total
JPN,Japan,Non-ASEAN,2022-06-01,2022,6,5852.0,20 modelled source markets only; NOT all-Malaysia total
JPN,Japan,Non-ASEAN,2022-07-01,2022,7,8505.0,20 modelled source markets only; NOT all-Malaysia total
JPN,Japan,Non-ASEAN,2022-08-01,2022,8,11323.0,20 modelled source markets only; NOT all-Malaysia total
JPN,Japan,Non-ASEAN,2022-09-01,2022,9,10570.0,20 modelled source markets only; NOT all-Malaysia total
JPN,Japan,Non-ASEAN,2022-10-01,2022,10,11394.0,20 modelled source markets only; NOT all-Malaysia total
JPN,Japan,Non-ASEAN,2022-11-01,2022,11,11771.0,20 modelled source markets only; NOT all-Malaysia total
JPN,Japan,Non-ASEAN,2022-12-01,2022,12,13935.0,20 modelled source markets only; NOT all-Malaysia total
JPN,Japan,Non-ASEAN,2023-01-01,2023,1,12362.0,20 modelled source markets only; NOT all-Malaysia total
JPN,Japan,Non-ASEAN,2023-02-01,2023,2,16899.0,20 modelled source markets only; NOT all-Malaysia total
JPN,Japan,Non-ASEAN,2023-03-01,2023,3,18391.0,20 modelled source markets only; NOT all-Malaysia total
JPN,Japan,Non-ASEAN,2023-04-01,2023,4,14420.0,20 modelled source markets only; NOT all-Malaysia total
JPN,Japan,Non-ASEAN,2023-05-01,2023,5,15690.0,20 modelled source markets only; NOT all-Malaysia total
JPN,Japan,Non-ASEAN,2023-06-01,2023,6,11916.0,20 modelled source markets only; NOT all-Malaysia total
JPN,Japan,Non-ASEAN,2023-07-01,2023,7,21226.0,20 modelled source markets only; NOT all-Malaysia total
JPN,Japan,Non-ASEAN,2023-08-01,2023,8,31485.0,20 modelled source markets only; NOT all-Malaysia total
JPN,Japan,Non-ASEAN,2023-09-01,2023,9,23735.0,20 modelled source markets only; NOT all-Malaysia total
JPN,Japan,Non-ASEAN,2023-10-01,2023,10,20243.0,20 modelled source markets only; NOT all-Malaysia total
JPN,Japan,Non-ASEAN,2023-11-01,2023,11,21079.0,20 modelled source markets only; NOT all-Malaysia total
JPN,Japan,Non-ASEAN,2023-12-01,2023,12,22446.0,20 modelled source markets only; NOT all-Malaysia total
JPN,Japan,Non-ASEAN,2024-01-01,2024,1,21973.0,20 modelled source markets only; NOT all-Malaysia total
JPN,Japan,Non-ASEAN,2024-02-01,2024,2,24084.0,20 modelled source markets only; NOT all-Malaysia total
JPN,Japan,Non-ASEAN,2024-03-01,2024,3,27445.0,20 modelled source markets only; NOT all-Malaysia total
JPN,Japan,Non-ASEAN,2024-04-01,2024,4,18680.0,20 modelled source markets only; NOT all-Malaysia total
JPN,Japan,Non-ASEAN,2024-05-01,2024,5,19975.0,20 modelled source markets only; NOT all-Malaysia total
JPN,Japan,Non-ASEAN,2024-06-01,2024,6,20527.0,20 modelled source markets only; NOT all-Malaysia total
JPN,Japan,Non-ASEAN,2024-07-01,2024,7,27098.0,20 modelled source markets only; NOT all-Malaysia total
JPN,Japan,Non-ASEAN,2024-08-01,2024,8,40638.0,20 modelled source markets only; NOT all-Malaysia total
JPN,Japan,Non-ASEAN,2024-09-01,2024,9,26842.0,20 modelled source markets only; NOT all-Malaysia total
JPN,Japan,Non-ASEAN,2024-10-01,2024,10,29128.0,20 modelled source markets only; NOT all-Malaysia total
JPN,Japan,Non-ASEAN,2024-11-01,2024,11,23498.0,20 modelled source markets only; NOT all-Malaysia total
JPN,Japan,Non-ASEAN,2024-12-01,2024,12,27995.0,20 modelled source markets only; NOT all-Malaysia total
JPN,Japan,Non-ASEAN,2025-01-01,2025,1,25680.0,20 modelled source markets only; NOT all-Malaysia total
JPN,Japan,Non-ASEAN,2025-02-01,2025,2,29319.0,20 modelled source markets only; NOT all-Malaysia total
JPN,Japan,Non-ASEAN,2025-03-01,2025,3,32529.0,20 modelled source markets only; NOT all-Malaysia total
JPN,Japan,Non-ASEAN,2025-04-01,2025,4,20286.0,20 modelled source markets only; NOT all-Malaysia total
JPN,Japan,Non-ASEAN,2025-05-01,2025,5,23151.0,20 modelled source markets only; NOT all-Malaysia total
JPN,Japan,Non-ASEAN,2025-06-01,2025,6,23037.0,20 modelled source markets only; NOT all-Malaysia total
JPN,Japan,Non-ASEAN,2025-07-01,2025,7,26849.0,20 modelled source markets only; NOT all-Malaysia total
JPN,Japan,Non-ASEAN,2025-08-01,2025,8,45020.0,20 modelled source markets only; NOT all-Malaysia total
JPN,Japan,Non-ASEAN,2025-09-01,2025,9,30686.0,20 modelled source markets only; NOT all-Malaysia total
JPN,Japan,Non-ASEAN,2025-10-01,2025,10,28836.0,20 modelled source markets only; NOT all-Malaysia total
JPN,Japan,Non-ASEAN,2025-11-01,2025,11,28306.0,20 modelled source markets only; NOT all-Malaysia total
JPN,Japan,Non-ASEAN,2025-12-01,2025,12,30331.0,20 modelled source markets only; NOT all-Malaysia total
JPN,Japan,Non-ASEAN,2026-01-01,2026,1,26580.0,20 modelled source markets only; NOT all-Malaysia total
JPN,Japan,Non-ASEAN,2026-02-01,2026,2,32213.0,20 modelled source markets only; NOT all-Malaysia total
JPN,Japan,Non-ASEAN,2026-03-01,2026,3,36053.0,20 modelled source markets only; NOT all-Malaysia total
JPN,Japan,Non-ASEAN,2026-04-01,2026,4,23574.0,20 modelled source markets only; NOT all-Malaysia total
JPN,Japan,Non-ASEAN,2026-05-01,2026,5,24319.0,20 modelled source markets only; NOT all-Malaysia total
KOR,South Korea,Non-ASEAN,2017-03-01,2017,3,35802.0,20 modelled source markets only; NOT all-Malaysia total
KOR,South Korea,Non-ASEAN,2017-04-01,2017,4,30415.0,20 modelled source markets only; NOT all-Malaysia total
KOR,South Korea,Non-ASEAN,2017-05-01,2017,5,27947.0,20 modelled source markets only; NOT all-Malaysia total
KOR,South Korea,Non-ASEAN,2017-06-01,2017,6,29460.0,20 modelled source markets only; NOT all-Malaysia total
KOR,South Korea,Non-ASEAN,2017-07-01,2017,7,42349.0,20 modelled source markets only; NOT all-Malaysia total
KOR,South Korea,Non-ASEAN,2017-08-01,2017,8,46701.0,20 modelled source markets only; NOT all-Malaysia total
KOR,South Korea,Non-ASEAN,2017-09-01,2017,9,40339.0,20 modelled source markets only; NOT all-Malaysia total
KOR,South Korea,Non-ASEAN,2017-10-01,2017,10,43110.0,20 modelled source markets only; NOT all-Malaysia total
KOR,South Korea,Non-ASEAN,2017-11-01,2017,11,42531.0,20 modelled source markets only; NOT all-Malaysia total
KOR,South Korea,Non-ASEAN,2017-12-01,2017,12,51036.0,20 modelled source markets only; NOT all-Malaysia total
KOR,South Korea,Non-ASEAN,2018-01-01,2018,1,68621.0,20 modelled source markets only; NOT all-Malaysia total
KOR,South Korea,Non-ASEAN,2018-02-01,2018,2,56077.0,20 modelled source markets only; NOT all-Malaysia total
KOR,South Korea,Non-ASEAN,2018-03-01,2018,3,42362.0,20 modelled source markets only; NOT all-Malaysia total
KOR,South Korea,Non-ASEAN,2018-04-01,2018,4,36684.0,20 modelled source markets only; NOT all-Malaysia total
KOR,South Korea,Non-ASEAN,2018-05-01,2018,5,41825.0,20 modelled source markets only; NOT all-Malaysia total
KOR,South Korea,Non-ASEAN,2018-06-01,2018,6,46460.0,20 modelled source markets only; NOT all-Malaysia total
KOR,South Korea,Non-ASEAN,2018-07-01,2018,7,64496.0,20 modelled source markets only; NOT all-Malaysia total
KOR,South Korea,Non-ASEAN,2018-08-01,2018,8,61224.0,20 modelled source markets only; NOT all-Malaysia total
KOR,South Korea,Non-ASEAN,2018-09-01,2018,9,45255.0,20 modelled source markets only; NOT all-Malaysia total
KOR,South Korea,Non-ASEAN,2018-10-01,2018,10,47754.0,20 modelled source markets only; NOT all-Malaysia total
KOR,South Korea,Non-ASEAN,2018-11-01,2018,11,52851.0,20 modelled source markets only; NOT all-Malaysia total
KOR,South Korea,Non-ASEAN,2018-12-01,2018,12,53174.0,20 modelled source markets only; NOT all-Malaysia total
KOR,South Korea,Non-ASEAN,2019-01-01,2019,1,74964.0,20 modelled source markets only; NOT all-Malaysia total
KOR,South Korea,Non-ASEAN,2019-02-01,2019,2,64366.0,20 modelled source markets only; NOT all-Malaysia total
KOR,South Korea,Non-ASEAN,2019-03-01,2019,3,47497.0,20 modelled source markets only; NOT all-Malaysia total
KOR,South Korea,Non-ASEAN,2019-04-01,2019,4,39966.0,20 modelled source markets only; NOT all-Malaysia total
KOR,South Korea,Non-ASEAN,2019-05-01,2019,5,43894.0,20 modelled source markets only; NOT all-Malaysia total
KOR,South Korea,Non-ASEAN,2019-06-01,2019,6,53265.0,20 modelled source markets only; NOT all-Malaysia total
KOR,South Korea,Non-ASEAN,2019-07-01,2019,7,69225.0,20 modelled source markets only; NOT all-Malaysia total
KOR,South Korea,Non-ASEAN,2019-08-01,2019,8,65245.0,20 modelled source markets only; NOT all-Malaysia total
KOR,South Korea,Non-ASEAN,2019-09-01,2019,9,49658.0,20 modelled source markets only; NOT all-Malaysia total
KOR,South Korea,Non-ASEAN,2019-10-01,2019,10,48241.0,20 modelled source markets only; NOT all-Malaysia total
KOR,South Korea,Non-ASEAN,2019-11-01,2019,11,53496.0,20 modelled source markets only; NOT all-Malaysia total
KOR,South Korea,Non-ASEAN,2019-12-01,2019,12,63248.0,20 modelled source markets only; NOT all-Malaysia total
KOR,South Korea,Non-ASEAN,2020-01-01,2020,1,84734.0,20 modelled source markets only; NOT all-Malaysia total
KOR,South Korea,Non-ASEAN,2020-02-01,2020,2,30679.0,20 modelled source markets only; NOT all-Malaysia total
KOR,South Korea,Non-ASEAN,2020-03-01,2020,3,3158.0,20 modelled source markets only; NOT all-Malaysia total
KOR,South Korea,Non-ASEAN,2020-04-01,2020,4,3.0,20 modelled source markets only; NOT all-Malaysia total
KOR,South Korea,Non-ASEAN,2020-05-01,2020,5,0.0,20 modelled source markets only; NOT all-Malaysia total
KOR,South Korea,Non-ASEAN,2020-06-01,2020,6,20.0,20 modelled source markets only; NOT all-Malaysia total
KOR,South Korea,Non-ASEAN,2020-07-01,2020,7,162.0,20 modelled source markets only; NOT all-Malaysia total
KOR,South Korea,Non-ASEAN,2020-08-01,2020,8,263.0,20 modelled source markets only; NOT all-Malaysia total
KOR,South Korea,Non-ASEAN,2020-09-01,2020,9,345.0,20 modelled source markets only; NOT all-Malaysia total
KOR,South Korea,Non-ASEAN,2020-10-01,2020,10,174.0,20 modelled source markets only; NOT all-Malaysia total
KOR,South Korea,Non-ASEAN,2020-11-01,2020,11,107.0,20 modelled source markets only; NOT all-Malaysia total
KOR,South Korea,Non-ASEAN,2020-12-01,2020,12,105.0,20 modelled source markets only; NOT all-Malaysia total
KOR,South Korea,Non-ASEAN,2021-01-01,2021,1,107.0,20 modelled source markets only; NOT all-Malaysia total
KOR,South Korea,Non-ASEAN,2021-02-01,2021,2,109.0,20 modelled source markets only; NOT all-Malaysia total
KOR,South Korea,Non-ASEAN,2021-03-01,2021,3,188.0,20 modelled source markets only; NOT all-Malaysia total
KOR,South Korea,Non-ASEAN,2021-04-01,2021,4,178.0,20 modelled source markets only; NOT all-Malaysia total
KOR,South Korea,Non-ASEAN,2021-05-01,2021,5,135.0,20 modelled source markets only; NOT all-Malaysia total
KOR,South Korea,Non-ASEAN,2021-06-01,2021,6,96.0,20 modelled source markets only; NOT all-Malaysia total
KOR,South Korea,Non-ASEAN,2021-07-01,2021,7,125.0,20 modelled source markets only; NOT all-Malaysia total
KOR,South Korea,Non-ASEAN,2021-08-01,2021,8,238.0,20 modelled source markets only; NOT all-Malaysia total
KOR,South Korea,Non-ASEAN,2021-09-01,2021,9,248.0,20 modelled source markets only; NOT all-Malaysia total
KOR,South Korea,Non-ASEAN,2021-10-01,2021,10,372.0,20 modelled source markets only; NOT all-Malaysia total
KOR,South Korea,Non-ASEAN,2021-11-01,2021,11,354.0,20 modelled source markets only; NOT all-Malaysia total
KOR,South Korea,Non-ASEAN,2021-12-01,2021,12,878.0,20 modelled source markets only; NOT all-Malaysia total
KOR,South Korea,Non-ASEAN,2022-01-01,2022,1,757.0,20 modelled source markets only; NOT all-Malaysia total
KOR,South Korea,Non-ASEAN,2022-02-01,2022,2,407.0,20 modelled source markets only; NOT all-Malaysia total
KOR,South Korea,Non-ASEAN,2022-03-01,2022,3,512.0,20 modelled source markets only; NOT all-Malaysia total
KOR,South Korea,Non-ASEAN,2022-04-01,2022,4,3908.0,20 modelled source markets only; NOT all-Malaysia total
KOR,South Korea,Non-ASEAN,2022-05-01,2022,5,6339.0,20 modelled source markets only; NOT all-Malaysia total
KOR,South Korea,Non-ASEAN,2022-06-01,2022,6,9203.0,20 modelled source markets only; NOT all-Malaysia total
KOR,South Korea,Non-ASEAN,2022-07-01,2022,7,21141.0,20 modelled source markets only; NOT all-Malaysia total
KOR,South Korea,Non-ASEAN,2022-08-01,2022,8,20194.0,20 modelled source markets only; NOT all-Malaysia total
KOR,South Korea,Non-ASEAN,2022-09-01,2022,9,15469.0,20 modelled source markets only; NOT all-Malaysia total
KOR,South Korea,Non-ASEAN,2022-10-01,2022,10,18166.0,20 modelled source markets only; NOT all-Malaysia total
KOR,South Korea,Non-ASEAN,2022-11-01,2022,11,20371.0,20 modelled source markets only; NOT all-Malaysia total
KOR,South Korea,Non-ASEAN,2022-12-01,2022,12,29917.0,20 modelled source markets only; NOT all-Malaysia total
KOR,South Korea,Non-ASEAN,2023-01-01,2023,1,48312.0,20 modelled source markets only; NOT all-Malaysia total
KOR,South Korea,Non-ASEAN,2023-02-01,2023,2,40591.0,20 modelled source markets only; NOT all-Malaysia total
KOR,South Korea,Non-ASEAN,2023-03-01,2023,3,29698.0,20 modelled source markets only; NOT all-Malaysia total
KOR,South Korea,Non-ASEAN,2023-04-01,2023,4,24677.0,20 modelled source markets only; NOT all-Malaysia total
KOR,South Korea,Non-ASEAN,2023-05-01,2023,5,27298.0,20 modelled source markets only; NOT all-Malaysia total
KOR,South Korea,Non-ASEAN,2023-06-01,2023,6,18208.0,20 modelled source markets only; NOT all-Malaysia total
KOR,South Korea,Non-ASEAN,2023-07-01,2023,7,36610.0,20 modelled source markets only; NOT all-Malaysia total
KOR,South Korea,Non-ASEAN,2023-08-01,2023,8,44537.0,20 modelled source markets only; NOT all-Malaysia total
KOR,South Korea,Non-ASEAN,2023-09-01,2023,9,31075.0,20 modelled source markets only; NOT all-Malaysia total
KOR,South Korea,Non-ASEAN,2023-10-01,2023,10,30254.0,20 modelled source markets only; NOT all-Malaysia total
KOR,South Korea,Non-ASEAN,2023-11-01,2023,11,27473.0,20 modelled source markets only; NOT all-Malaysia total
KOR,South Korea,Non-ASEAN,2023-12-01,2023,12,42120.0,20 modelled source markets only; NOT all-Malaysia total
KOR,South Korea,Non-ASEAN,2024-01-01,2024,1,69247.0,20 modelled source markets only; NOT all-Malaysia total
KOR,South Korea,Non-ASEAN,2024-02-01,2024,2,43358.0,20 modelled source markets only; NOT all-Malaysia total
KOR,South Korea,Non-ASEAN,2024-03-01,2024,3,31779.0,20 modelled source markets only; NOT all-Malaysia total
KOR,South Korea,Non-ASEAN,2024-04-01,2024,4,27066.0,20 modelled source markets only; NOT all-Malaysia total
KOR,South Korea,Non-ASEAN,2024-05-01,2024,5,26726.0,20 modelled source markets only; NOT all-Malaysia total
KOR,South Korea,Non-ASEAN,2024-06-01,2024,6,34535.0,20 modelled source markets only; NOT all-Malaysia total
KOR,South Korea,Non-ASEAN,2024-07-01,2024,7,48437.0,20 modelled source markets only; NOT all-Malaysia total
KOR,South Korea,Non-ASEAN,2024-08-01,2024,8,47615.0,20 modelled source markets only; NOT all-Malaysia total
KOR,South Korea,Non-ASEAN,2024-09-01,2024,9,33651.0,20 modelled source markets only; NOT all-Malaysia total
KOR,South Korea,Non-ASEAN,2024-10-01,2024,10,34992.0,20 modelled source markets only; NOT all-Malaysia total
KOR,South Korea,Non-ASEAN,2024-11-01,2024,11,34695.0,20 modelled source markets only; NOT all-Malaysia total
KOR,South Korea,Non-ASEAN,2024-12-01,2024,12,43714.0,20 modelled source markets only; NOT all-Malaysia total
KOR,South Korea,Non-ASEAN,2025-01-01,2025,1,63535.0,20 modelled source markets only; NOT all-Malaysia total
KOR,South Korea,Non-ASEAN,2025-02-01,2025,2,45920.0,20 modelled source markets only; NOT all-Malaysia total
KOR,South Korea,Non-ASEAN,2025-03-01,2025,3,35377.0,20 modelled source markets only; NOT all-Malaysia total
KOR,South Korea,Non-ASEAN,2025-04-01,2025,4,24619.0,20 modelled source markets only; NOT all-Malaysia total
KOR,South Korea,Non-ASEAN,2025-05-01,2025,5,30286.0,20 modelled source markets only; NOT all-Malaysia total
KOR,South Korea,Non-ASEAN,2025-06-01,2025,6,30766.0,20 modelled source markets only; NOT all-Malaysia total
KOR,South Korea,Non-ASEAN,2025-07-01,2025,7,49636.0,20 modelled source markets only; NOT all-Malaysia total
KOR,South Korea,Non-ASEAN,2025-08-01,2025,8,46857.0,20 modelled source markets only; NOT all-Malaysia total
KOR,South Korea,Non-ASEAN,2025-09-01,2025,9,27989.0,20 modelled source markets only; NOT all-Malaysia total
KOR,South Korea,Non-ASEAN,2025-10-01,2025,10,36424.0,20 modelled source markets only; NOT all-Malaysia total
KOR,South Korea,Non-ASEAN,2025-11-01,2025,11,32500.0,20 modelled source markets only; NOT all-Malaysia total
KOR,South Korea,Non-ASEAN,2025-12-01,2025,12,39595.0,20 modelled source markets only; NOT all-Malaysia total
KOR,South Korea,Non-ASEAN,2026-01-01,2026,1,65269.0,20 modelled source markets only; NOT all-Malaysia total
KOR,South Korea,Non-ASEAN,2026-02-01,2026,2,47935.0,20 modelled source markets only; NOT all-Malaysia total
KOR,South Korea,Non-ASEAN,2026-03-01,2026,3,23606.0,20 modelled source markets only; NOT all-Malaysia total
KOR,South Korea,Non-ASEAN,2026-04-01,2026,4,22580.0,20 modelled source markets only; NOT all-Malaysia total
KOR,South Korea,Non-ASEAN,2026-05-01,2026,5,20241.0,20 modelled source markets only; NOT all-Malaysia total
MMR,Myanmar,ASEAN,2017-03-01,2017,3,3304.0,20 modelled source markets only; NOT all-Malaysia total
MMR,Myanmar,ASEAN,2017-04-01,2017,4,4638.0,20 modelled source markets only; NOT all-Malaysia total
MMR,Myanmar,ASEAN,2017-05-01,2017,5,3010.0,20 modelled source markets only; NOT all-Malaysia total
MMR,Myanmar,ASEAN,2017-06-01,2017,6,3811.0,20 modelled source markets only; NOT all-Malaysia total
MMR,Myanmar,ASEAN,2017-07-01,2017,7,3354.0,20 modelled source markets only; NOT all-Malaysia total
MMR,Myanmar,ASEAN,2017-08-01,2017,8,3748.0,20 modelled source markets only; NOT all-Malaysia total
MMR,Myanmar,ASEAN,2017-09-01,2017,9,3279.0,20 modelled source markets only; NOT all-Malaysia total
MMR,Myanmar,ASEAN,2017-10-01,2017,10,3507.0,20 modelled source markets only; NOT all-Malaysia total
MMR,Myanmar,ASEAN,2017-11-01,2017,11,3315.0,20 modelled source markets only; NOT all-Malaysia total
MMR,Myanmar,ASEAN,2017-12-01,2017,12,4175.0,20 modelled source markets only; NOT all-Malaysia total
MMR,Myanmar,ASEAN,2018-01-01,2018,1,5042.0,20 modelled source markets only; NOT all-Malaysia total
MMR,Myanmar,ASEAN,2018-02-01,2018,2,3049.0,20 modelled source markets only; NOT all-Malaysia total
MMR,Myanmar,ASEAN,2018-03-01,2018,3,3045.0,20 modelled source markets only; NOT all-Malaysia total
MMR,Myanmar,ASEAN,2018-04-01,2018,4,3418.0,20 modelled source markets only; NOT all-Malaysia total
MMR,Myanmar,ASEAN,2018-05-01,2018,5,2963.0,20 modelled source markets only; NOT all-Malaysia total
MMR,Myanmar,ASEAN,2018-06-01,2018,6,3166.0,20 modelled source markets only; NOT all-Malaysia total
MMR,Myanmar,ASEAN,2018-07-01,2018,7,2405.0,20 modelled source markets only; NOT all-Malaysia total
MMR,Myanmar,ASEAN,2018-08-01,2018,8,2566.0,20 modelled source markets only; NOT all-Malaysia total
MMR,Myanmar,ASEAN,2018-09-01,2018,9,2963.0,20 modelled source markets only; NOT all-Malaysia total
MMR,Myanmar,ASEAN,2018-10-01,2018,10,3096.0,20 modelled source markets only; NOT all-Malaysia total
MMR,Myanmar,ASEAN,2018-11-01,2018,11,3276.0,20 modelled source markets only; NOT all-Malaysia total
MMR,Myanmar,ASEAN,2018-12-01,2018,12,3524.0,20 modelled source markets only; NOT all-Malaysia total
MMR,Myanmar,ASEAN,2019-01-01,2019,1,2636.0,20 modelled source markets only; NOT all-Malaysia total
MMR,Myanmar,ASEAN,2019-02-01,2019,2,3450.0,20 modelled source markets only; NOT all-Malaysia total
MMR,Myanmar,ASEAN,2019-03-01,2019,3,3448.0,20 modelled source markets only; NOT all-Malaysia total
MMR,Myanmar,ASEAN,2019-04-01,2019,4,3727.0,20 modelled source markets only; NOT all-Malaysia total
MMR,Myanmar,ASEAN,2019-05-01,2019,5,3504.0,20 modelled source markets only; NOT all-Malaysia total
MMR,Myanmar,ASEAN,2019-06-01,2019,6,4183.0,20 modelled source markets only; NOT all-Malaysia total
MMR,Myanmar,ASEAN,2019-07-01,2019,7,3562.0,20 modelled source markets only; NOT all-Malaysia total
MMR,Myanmar,ASEAN,2019-08-01,2019,8,4630.0,20 modelled source markets only; NOT all-Malaysia total
MMR,Myanmar,ASEAN,2019-09-01,2019,9,4141.0,20 modelled source markets only; NOT all-Malaysia total
MMR,Myanmar,ASEAN,2019-10-01,2019,10,4617.0,20 modelled source markets only; NOT all-Malaysia total
MMR,Myanmar,ASEAN,2019-11-01,2019,11,4398.0,20 modelled source markets only; NOT all-Malaysia total
MMR,Myanmar,ASEAN,2019-12-01,2019,12,3961.0,20 modelled source markets only; NOT all-Malaysia total
MMR,Myanmar,ASEAN,2020-01-01,2020,1,4695.0,20 modelled source markets only; NOT all-Malaysia total
MMR,Myanmar,ASEAN,2020-02-01,2020,2,3091.0,20 modelled source markets only; NOT all-Malaysia total
MMR,Myanmar,ASEAN,2020-03-01,2020,3,1601.0,20 modelled source markets only; NOT all-Malaysia total
MMR,Myanmar,ASEAN,2020-04-01,2020,4,12.0,20 modelled source markets only; NOT all-Malaysia total
MMR,Myanmar,ASEAN,2020-05-01,2020,5,9.0,20 modelled source markets only; NOT all-Malaysia total
MMR,Myanmar,ASEAN,2020-06-01,2020,6,32.0,20 modelled source markets only; NOT all-Malaysia total
MMR,Myanmar,ASEAN,2020-07-01,2020,7,32.0,20 modelled source markets only; NOT all-Malaysia total
MMR,Myanmar,ASEAN,2020-08-01,2020,8,16.0,20 modelled source markets only; NOT all-Malaysia total
MMR,Myanmar,ASEAN,2020-09-01,2020,9,35.0,20 modelled source markets only; NOT all-Malaysia total
MMR,Myanmar,ASEAN,2020-10-01,2020,10,41.0,20 modelled source markets only; NOT all-Malaysia total
MMR,Myanmar,ASEAN,2020-11-01,2020,11,100.0,20 modelled source markets only; NOT all-Malaysia total
MMR,Myanmar,ASEAN,2020-12-01,2020,12,81.0,20 modelled source markets only; NOT all-Malaysia total
MMR,Myanmar,ASEAN,2021-01-01,2021,1,89.0,20 modelled source markets only; NOT all-Malaysia total
MMR,Myanmar,ASEAN,2021-02-01,2021,2,55.0,20 modelled source markets only; NOT all-Malaysia total
MMR,Myanmar,ASEAN,2021-03-01,2021,3,15.0,20 modelled source markets only; NOT all-Malaysia total
MMR,Myanmar,ASEAN,2021-04-01,2021,4,19.0,20 modelled source markets only; NOT all-Malaysia total
MMR,Myanmar,ASEAN,2021-05-01,2021,5,14.0,20 modelled source markets only; NOT all-Malaysia total
MMR,Myanmar,ASEAN,2021-06-01,2021,6,17.0,20 modelled source markets only; NOT all-Malaysia total
MMR,Myanmar,ASEAN,2021-07-01,2021,7,16.0,20 modelled source markets only; NOT all-Malaysia total
MMR,Myanmar,ASEAN,2021-08-01,2021,8,7.0,20 modelled source markets only; NOT all-Malaysia total
MMR,Myanmar,ASEAN,2021-09-01,2021,9,24.0,20 modelled source markets only; NOT all-Malaysia total
MMR,Myanmar,ASEAN,2021-10-01,2021,10,22.0,20 modelled source markets only; NOT all-Malaysia total
MMR,Myanmar,ASEAN,2021-11-01,2021,11,21.0,20 modelled source markets only; NOT all-Malaysia total
MMR,Myanmar,ASEAN,2021-12-01,2021,12,78.0,20 modelled source markets only; NOT all-Malaysia total
MMR,Myanmar,ASEAN,2022-01-01,2022,1,91.0,20 modelled source markets only; NOT all-Malaysia total
MMR,Myanmar,ASEAN,2022-02-01,2022,2,59.0,20 modelled source markets only; NOT all-Malaysia total
MMR,Myanmar,ASEAN,2022-03-01,2022,3,116.0,20 modelled source markets only; NOT all-Malaysia total
MMR,Myanmar,ASEAN,2022-04-01,2022,4,827.0,20 modelled source markets only; NOT all-Malaysia total
MMR,Myanmar,ASEAN,2022-05-01,2022,5,1814.0,20 modelled source markets only; NOT all-Malaysia total
MMR,Myanmar,ASEAN,2022-06-01,2022,6,3373.0,20 modelled source markets only; NOT all-Malaysia total
MMR,Myanmar,ASEAN,2022-07-01,2022,7,4105.0,20 modelled source markets only; NOT all-Malaysia total
MMR,Myanmar,ASEAN,2022-08-01,2022,8,4643.0,20 modelled source markets only; NOT all-Malaysia total
MMR,Myanmar,ASEAN,2022-09-01,2022,9,4851.0,20 modelled source markets only; NOT all-Malaysia total
MMR,Myanmar,ASEAN,2022-10-01,2022,10,5342.0,20 modelled source markets only; NOT all-Malaysia total
MMR,Myanmar,ASEAN,2022-11-01,2022,11,4924.0,20 modelled source markets only; NOT all-Malaysia total
MMR,Myanmar,ASEAN,2022-12-01,2022,12,6620.0,20 modelled source markets only; NOT all-Malaysia total
MMR,Myanmar,ASEAN,2023-01-01,2023,1,6238.0,20 modelled source markets only; NOT all-Malaysia total
MMR,Myanmar,ASEAN,2023-02-01,2023,2,4367.0,20 modelled source markets only; NOT all-Malaysia total
MMR,Myanmar,ASEAN,2023-03-01,2023,3,5869.0,20 modelled source markets only; NOT all-Malaysia total
MMR,Myanmar,ASEAN,2023-04-01,2023,4,6152.0,20 modelled source markets only; NOT all-Malaysia total
MMR,Myanmar,ASEAN,2023-05-01,2023,5,6284.0,20 modelled source markets only; NOT all-Malaysia total
MMR,Myanmar,ASEAN,2023-06-01,2023,6,7386.0,20 modelled source markets only; NOT all-Malaysia total
MMR,Myanmar,ASEAN,2023-07-01,2023,7,6810.0,20 modelled source markets only; NOT all-Malaysia total
MMR,Myanmar,ASEAN,2023-08-01,2023,8,7975.0,20 modelled source markets only; NOT all-Malaysia total
MMR,Myanmar,ASEAN,2023-09-01,2023,9,8868.0,20 modelled source markets only; NOT all-Malaysia total
MMR,Myanmar,ASEAN,2023-10-01,2023,10,7940.0,20 modelled source markets only; NOT all-Malaysia total
MMR,Myanmar,ASEAN,2023-11-01,2023,11,7913.0,20 modelled source markets only; NOT all-Malaysia total
MMR,Myanmar,ASEAN,2023-12-01,2023,12,10496.0,20 modelled source markets only; NOT all-Malaysia total
MMR,Myanmar,ASEAN,2024-01-01,2024,1,6170.0,20 modelled source markets only; NOT all-Malaysia total
MMR,Myanmar,ASEAN,2024-02-01,2024,2,7989.0,20 modelled source markets only; NOT all-Malaysia total
MMR,Myanmar,ASEAN,2024-03-01,2024,3,9960.0,20 modelled source markets only; NOT all-Malaysia total
MMR,Myanmar,ASEAN,2024-04-01,2024,4,7516.0,20 modelled source markets only; NOT all-Malaysia total
MMR,Myanmar,ASEAN,2024-05-01,2024,5,8441.0,20 modelled source markets only; NOT all-Malaysia total
MMR,Myanmar,ASEAN,2024-06-01,2024,6,11604.0,20 modelled source markets only; NOT all-Malaysia total
MMR,Myanmar,ASEAN,2024-07-01,2024,7,8248.0,20 modelled source markets only; NOT all-Malaysia total
MMR,Myanmar,ASEAN,2024-08-01,2024,8,9918.0,20 modelled source markets only; NOT all-Malaysia total
MMR,Myanmar,ASEAN,2024-09-01,2024,9,8358.0,20 modelled source markets only; NOT all-Malaysia total
MMR,Myanmar,ASEAN,2024-10-01,2024,10,10048.0,20 modelled source markets only; NOT all-Malaysia total
MMR,Myanmar,ASEAN,2024-11-01,2024,11,10865.0,20 modelled source markets only; NOT all-Malaysia total
MMR,Myanmar,ASEAN,2024-12-01,2024,12,15434.0,20 modelled source markets only; NOT all-Malaysia total
MMR,Myanmar,ASEAN,2025-01-01,2025,1,14042.0,20 modelled source markets only; NOT all-Malaysia total
MMR,Myanmar,ASEAN,2025-02-01,2025,2,8925.0,20 modelled source markets only; NOT all-Malaysia total
MMR,Myanmar,ASEAN,2025-03-01,2025,3,12380.0,20 modelled source markets only; NOT all-Malaysia total
MMR,Myanmar,ASEAN,2025-04-01,2025,4,12031.0,20 modelled source markets only; NOT all-Malaysia total
MMR,Myanmar,ASEAN,2025-05-01,2025,5,13628.0,20 modelled source markets only; NOT all-Malaysia total
MMR,Myanmar,ASEAN,2025-06-01,2025,6,14213.0,20 modelled source markets only; NOT all-Malaysia total
MMR,Myanmar,ASEAN,2025-07-01,2025,7,16658.0,20 modelled source markets only; NOT all-Malaysia total
MMR,Myanmar,ASEAN,2025-08-01,2025,8,11837.0,20 modelled source markets only; NOT all-Malaysia total
MMR,Myanmar,ASEAN,2025-09-01,2025,9,11043.0,20 modelled source markets only; NOT all-Malaysia total
MMR,Myanmar,ASEAN,2025-10-01,2025,10,16882.0,20 modelled source markets only; NOT all-Malaysia total
MMR,Myanmar,ASEAN,2025-11-01,2025,11,16733.0,20 modelled source markets only; NOT all-Malaysia total
MMR,Myanmar,ASEAN,2025-12-01,2025,12,21866.0,20 modelled source markets only; NOT all-Malaysia total
MMR,Myanmar,ASEAN,2026-01-01,2026,1,14366.0,20 modelled source markets only; NOT all-Malaysia total
MMR,Myanmar,ASEAN,2026-02-01,2026,2,16896.0,20 modelled source markets only; NOT all-Malaysia total
MMR,Myanmar,ASEAN,2026-03-01,2026,3,15495.0,20 modelled source markets only; NOT all-Malaysia total
MMR,Myanmar,ASEAN,2026-04-01,2026,4,17674.0,20 modelled source markets only; NOT all-Malaysia total
MMR,Myanmar,ASEAN,2026-05-01,2026,5,19354.0,20 modelled source markets only; NOT all-Malaysia total
NPL,Nepal,Non-ASEAN,2017-03-01,2017,3,2217.0,20 modelled source markets only; NOT all-Malaysia total
NPL,Nepal,Non-ASEAN,2017-04-01,2017,4,2052.0,20 modelled source markets only; NOT all-Malaysia total
NPL,Nepal,Non-ASEAN,2017-05-01,2017,5,1310.0,20 modelled source markets only; NOT all-Malaysia total
NPL,Nepal,Non-ASEAN,2017-06-01,2017,6,1147.0,20 modelled source markets only; NOT all-Malaysia total
NPL,Nepal,Non-ASEAN,2017-07-01,2017,7,1601.0,20 modelled source markets only; NOT all-Malaysia total
NPL,Nepal,Non-ASEAN,2017-08-01,2017,8,1629.0,20 modelled source markets only; NOT all-Malaysia total
NPL,Nepal,Non-ASEAN,2017-09-01,2017,9,2097.0,20 modelled source markets only; NOT all-Malaysia total
NPL,Nepal,Non-ASEAN,2017-10-01,2017,10,2388.0,20 modelled source markets only; NOT all-Malaysia total
NPL,Nepal,Non-ASEAN,2017-11-01,2017,11,1195.0,20 modelled source markets only; NOT all-Malaysia total
NPL,Nepal,Non-ASEAN,2017-12-01,2017,12,1539.0,20 modelled source markets only; NOT all-Malaysia total
NPL,Nepal,Non-ASEAN,2018-01-01,2018,1,2104.0,20 modelled source markets only; NOT all-Malaysia total
NPL,Nepal,Non-ASEAN,2018-02-01,2018,2,1510.0,20 modelled source markets only; NOT all-Malaysia total
NPL,Nepal,Non-ASEAN,2018-03-01,2018,3,1733.0,20 modelled source markets only; NOT all-Malaysia total
NPL,Nepal,Non-ASEAN,2018-04-01,2018,4,2011.0,20 modelled source markets only; NOT all-Malaysia total
NPL,Nepal,Non-ASEAN,2018-05-01,2018,5,1473.0,20 modelled source markets only; NOT all-Malaysia total
NPL,Nepal,Non-ASEAN,2018-06-01,2018,6,1469.0,20 modelled source markets only; NOT all-Malaysia total
NPL,Nepal,Non-ASEAN,2018-07-01,2018,7,1295.0,20 modelled source markets only; NOT all-Malaysia total
NPL,Nepal,Non-ASEAN,2018-08-01,2018,8,1591.0,20 modelled source markets only; NOT all-Malaysia total
NPL,Nepal,Non-ASEAN,2018-09-01,2018,9,1377.0,20 modelled source markets only; NOT all-Malaysia total
NPL,Nepal,Non-ASEAN,2018-10-01,2018,10,2289.0,20 modelled source markets only; NOT all-Malaysia total
NPL,Nepal,Non-ASEAN,2018-11-01,2018,11,1537.0,20 modelled source markets only; NOT all-Malaysia total
NPL,Nepal,Non-ASEAN,2018-12-01,2018,12,1525.0,20 modelled source markets only; NOT all-Malaysia total
NPL,Nepal,Non-ASEAN,2019-01-01,2019,1,1882.0,20 modelled source markets only; NOT all-Malaysia total
NPL,Nepal,Non-ASEAN,2019-02-01,2019,2,1339.0,20 modelled source markets only; NOT all-Malaysia total
NPL,Nepal,Non-ASEAN,2019-03-01,2019,3,1574.0,20 modelled source markets only; NOT all-Malaysia total
NPL,Nepal,Non-ASEAN,2019-04-01,2019,4,1561.0,20 modelled source markets only; NOT all-Malaysia total
NPL,Nepal,Non-ASEAN,2019-05-01,2019,5,1282.0,20 modelled source markets only; NOT all-Malaysia total
NPL,Nepal,Non-ASEAN,2019-06-01,2019,6,1442.0,20 modelled source markets only; NOT all-Malaysia total
NPL,Nepal,Non-ASEAN,2019-07-01,2019,7,1636.0,20 modelled source markets only; NOT all-Malaysia total
NPL,Nepal,Non-ASEAN,2019-08-01,2019,8,2169.0,20 modelled source markets only; NOT all-Malaysia total
NPL,Nepal,Non-ASEAN,2019-09-01,2019,9,1532.0,20 modelled source markets only; NOT all-Malaysia total
NPL,Nepal,Non-ASEAN,2019-10-01,2019,10,2494.0,20 modelled source markets only; NOT all-Malaysia total
NPL,Nepal,Non-ASEAN,2019-11-01,2019,11,1730.0,20 modelled source markets only; NOT all-Malaysia total
NPL,Nepal,Non-ASEAN,2019-12-01,2019,12,1796.0,20 modelled source markets only; NOT all-Malaysia total
NPL,Nepal,Non-ASEAN,2020-01-01,2020,1,2427.0,20 modelled source markets only; NOT all-Malaysia total
NPL,Nepal,Non-ASEAN,2020-02-01,2020,2,1537.0,20 modelled source markets only; NOT all-Malaysia total
NPL,Nepal,Non-ASEAN,2020-03-01,2020,3,630.0,20 modelled source markets only; NOT all-Malaysia total
NPL,Nepal,Non-ASEAN,2020-04-01,2020,4,0.0,20 modelled source markets only; NOT all-Malaysia total
NPL,Nepal,Non-ASEAN,2020-05-01,2020,5,0.0,20 modelled source markets only; NOT all-Malaysia total
NPL,Nepal,Non-ASEAN,2020-06-01,2020,6,3.0,20 modelled source markets only; NOT all-Malaysia total
NPL,Nepal,Non-ASEAN,2020-07-01,2020,7,300.0,20 modelled source markets only; NOT all-Malaysia total
NPL,Nepal,Non-ASEAN,2020-08-01,2020,8,5.0,20 modelled source markets only; NOT all-Malaysia total
NPL,Nepal,Non-ASEAN,2020-09-01,2020,9,30.0,20 modelled source markets only; NOT all-Malaysia total
NPL,Nepal,Non-ASEAN,2020-10-01,2020,10,28.0,20 modelled source markets only; NOT all-Malaysia total
NPL,Nepal,Non-ASEAN,2020-11-01,2020,11,56.0,20 modelled source markets only; NOT all-Malaysia total
NPL,Nepal,Non-ASEAN,2020-12-01,2020,12,51.0,20 modelled source markets only; NOT all-Malaysia total
NPL,Nepal,Non-ASEAN,2021-01-01,2021,1,28.0,20 modelled source markets only; NOT all-Malaysia total
NPL,Nepal,Non-ASEAN,2021-02-01,2021,2,7.0,20 modelled source markets only; NOT all-Malaysia total
NPL,Nepal,Non-ASEAN,2021-03-01,2021,3,16.0,20 modelled source markets only; NOT all-Malaysia total
NPL,Nepal,Non-ASEAN,2021-04-01,2021,4,32.0,20 modelled source markets only; NOT all-Malaysia total
NPL,Nepal,Non-ASEAN,2021-05-01,2021,5,4.0,20 modelled source markets only; NOT all-Malaysia total
NPL,Nepal,Non-ASEAN,2021-06-01,2021,6,1.0,20 modelled source markets only; NOT all-Malaysia total
NPL,Nepal,Non-ASEAN,2021-07-01,2021,7,1.0,20 modelled source markets only; NOT all-Malaysia total
NPL,Nepal,Non-ASEAN,2021-08-01,2021,8,0.0,20 modelled source markets only; NOT all-Malaysia total
NPL,Nepal,Non-ASEAN,2021-09-01,2021,9,2.0,20 modelled source markets only; NOT all-Malaysia total
NPL,Nepal,Non-ASEAN,2021-10-01,2021,10,11.0,20 modelled source markets only; NOT all-Malaysia total
NPL,Nepal,Non-ASEAN,2021-11-01,2021,11,18.0,20 modelled source markets only; NOT all-Malaysia total
NPL,Nepal,Non-ASEAN,2021-12-01,2021,12,78.0,20 modelled source markets only; NOT all-Malaysia total
NPL,Nepal,Non-ASEAN,2022-01-01,2022,1,92.0,20 modelled source markets only; NOT all-Malaysia total
NPL,Nepal,Non-ASEAN,2022-02-01,2022,2,45.0,20 modelled source markets only; NOT all-Malaysia total
NPL,Nepal,Non-ASEAN,2022-03-01,2022,3,61.0,20 modelled source markets only; NOT all-Malaysia total
NPL,Nepal,Non-ASEAN,2022-04-01,2022,4,309.0,20 modelled source markets only; NOT all-Malaysia total
NPL,Nepal,Non-ASEAN,2022-05-01,2022,5,407.0,20 modelled source markets only; NOT all-Malaysia total
NPL,Nepal,Non-ASEAN,2022-06-01,2022,6,701.0,20 modelled source markets only; NOT all-Malaysia total
NPL,Nepal,Non-ASEAN,2022-07-01,2022,7,666.0,20 modelled source markets only; NOT all-Malaysia total
NPL,Nepal,Non-ASEAN,2022-08-01,2022,8,986.0,20 modelled source markets only; NOT all-Malaysia total
NPL,Nepal,Non-ASEAN,2022-09-01,2022,9,1030.0,20 modelled source markets only; NOT all-Malaysia total
NPL,Nepal,Non-ASEAN,2022-10-01,2022,10,2425.0,20 modelled source markets only; NOT all-Malaysia total
NPL,Nepal,Non-ASEAN,2022-11-01,2022,11,2999.0,20 modelled source markets only; NOT all-Malaysia total
NPL,Nepal,Non-ASEAN,2022-12-01,2022,12,1658.0,20 modelled source markets only; NOT all-Malaysia total
NPL,Nepal,Non-ASEAN,2023-01-01,2023,1,1274.0,20 modelled source markets only; NOT all-Malaysia total
NPL,Nepal,Non-ASEAN,2023-02-01,2023,2,956.0,20 modelled source markets only; NOT all-Malaysia total
NPL,Nepal,Non-ASEAN,2023-03-01,2023,3,1391.0,20 modelled source markets only; NOT all-Malaysia total
NPL,Nepal,Non-ASEAN,2023-04-01,2023,4,1227.0,20 modelled source markets only; NOT all-Malaysia total
NPL,Nepal,Non-ASEAN,2023-05-01,2023,5,1211.0,20 modelled source markets only; NOT all-Malaysia total
NPL,Nepal,Non-ASEAN,2023-06-01,2023,6,1589.0,20 modelled source markets only; NOT all-Malaysia total
NPL,Nepal,Non-ASEAN,2023-07-01,2023,7,1534.0,20 modelled source markets only; NOT all-Malaysia total
NPL,Nepal,Non-ASEAN,2023-08-01,2023,8,1825.0,20 modelled source markets only; NOT all-Malaysia total
NPL,Nepal,Non-ASEAN,2023-09-01,2023,9,2128.0,20 modelled source markets only; NOT all-Malaysia total
NPL,Nepal,Non-ASEAN,2023-10-01,2023,10,2074.0,20 modelled source markets only; NOT all-Malaysia total
NPL,Nepal,Non-ASEAN,2023-11-01,2023,11,1739.0,20 modelled source markets only; NOT all-Malaysia total
NPL,Nepal,Non-ASEAN,2023-12-01,2023,12,1540.0,20 modelled source markets only; NOT all-Malaysia total
NPL,Nepal,Non-ASEAN,2024-01-01,2024,1,1550.0,20 modelled source markets only; NOT all-Malaysia total
NPL,Nepal,Non-ASEAN,2024-02-01,2024,2,1671.0,20 modelled source markets only; NOT all-Malaysia total
NPL,Nepal,Non-ASEAN,2024-03-01,2024,3,1580.0,20 modelled source markets only; NOT all-Malaysia total
NPL,Nepal,Non-ASEAN,2024-04-01,2024,4,1431.0,20 modelled source markets only; NOT all-Malaysia total
NPL,Nepal,Non-ASEAN,2024-05-01,2024,5,1572.0,20 modelled source markets only; NOT all-Malaysia total
NPL,Nepal,Non-ASEAN,2024-06-01,2024,6,1598.0,20 modelled source markets only; NOT all-Malaysia total
NPL,Nepal,Non-ASEAN,2024-07-01,2024,7,1718.0,20 modelled source markets only; NOT all-Malaysia total
NPL,Nepal,Non-ASEAN,2024-08-01,2024,8,2052.0,20 modelled source markets only; NOT all-Malaysia total
NPL,Nepal,Non-ASEAN,2024-09-01,2024,9,1553.0,20 modelled source markets only; NOT all-Malaysia total
NPL,Nepal,Non-ASEAN,2024-10-01,2024,10,2522.0,20 modelled source markets only; NOT all-Malaysia total
NPL,Nepal,Non-ASEAN,2024-11-01,2024,11,1261.0,20 modelled source markets only; NOT all-Malaysia total
NPL,Nepal,Non-ASEAN,2024-12-01,2024,12,1583.0,20 modelled source markets only; NOT all-Malaysia total
NPL,Nepal,Non-ASEAN,2025-01-01,2025,1,1819.0,20 modelled source markets only; NOT all-Malaysia total
NPL,Nepal,Non-ASEAN,2025-02-01,2025,2,1461.0,20 modelled source markets only; NOT all-Malaysia total
NPL,Nepal,Non-ASEAN,2025-03-01,2025,3,1703.0,20 modelled source markets only; NOT all-Malaysia total
NPL,Nepal,Non-ASEAN,2025-04-01,2025,4,1994.0,20 modelled source markets only; NOT all-Malaysia total
NPL,Nepal,Non-ASEAN,2025-05-01,2025,5,1768.0,20 modelled source markets only; NOT all-Malaysia total
NPL,Nepal,Non-ASEAN,2025-06-01,2025,6,1897.0,20 modelled source markets only; NOT all-Malaysia total
NPL,Nepal,Non-ASEAN,2025-07-01,2025,7,2029.0,20 modelled source markets only; NOT all-Malaysia total
NPL,Nepal,Non-ASEAN,2025-08-01,2025,8,1841.0,20 modelled source markets only; NOT all-Malaysia total
NPL,Nepal,Non-ASEAN,2025-09-01,2025,9,1660.0,20 modelled source markets only; NOT all-Malaysia total
NPL,Nepal,Non-ASEAN,2025-10-01,2025,10,2330.0,20 modelled source markets only; NOT all-Malaysia total
NPL,Nepal,Non-ASEAN,2025-11-01,2025,11,1444.0,20 modelled source markets only; NOT all-Malaysia total
NPL,Nepal,Non-ASEAN,2025-12-01,2025,12,1526.0,20 modelled source markets only; NOT all-Malaysia total
NPL,Nepal,Non-ASEAN,2026-01-01,2026,1,1304.0,20 modelled source markets only; NOT all-Malaysia total
NPL,Nepal,Non-ASEAN,2026-02-01,2026,2,1229.0,20 modelled source markets only; NOT all-Malaysia total
NPL,Nepal,Non-ASEAN,2026-03-01,2026,3,1283.0,20 modelled source markets only; NOT all-Malaysia total
NPL,Nepal,Non-ASEAN,2026-04-01,2026,4,1049.0,20 modelled source markets only; NOT all-Malaysia total
NPL,Nepal,Non-ASEAN,2026-05-01,2026,5,924.0,20 modelled source markets only; NOT all-Malaysia total
PAK,Pakistan,Non-ASEAN,2017-03-01,2017,3,5275.0,20 modelled source markets only; NOT all-Malaysia total
PAK,Pakistan,Non-ASEAN,2017-04-01,2017,4,4680.0,20 modelled source markets only; NOT all-Malaysia total
PAK,Pakistan,Non-ASEAN,2017-05-01,2017,5,3353.0,20 modelled source markets only; NOT all-Malaysia total
PAK,Pakistan,Non-ASEAN,2017-06-01,2017,6,3728.0,20 modelled source markets only; NOT all-Malaysia total
PAK,Pakistan,Non-ASEAN,2017-07-01,2017,7,7592.0,20 modelled source markets only; NOT all-Malaysia total
PAK,Pakistan,Non-ASEAN,2017-08-01,2017,8,4732.0,20 modelled source markets only; NOT all-Malaysia total
PAK,Pakistan,Non-ASEAN,2017-09-01,2017,9,3728.0,20 modelled source markets only; NOT all-Malaysia total
PAK,Pakistan,Non-ASEAN,2017-10-01,2017,10,3351.0,20 modelled source markets only; NOT all-Malaysia total
PAK,Pakistan,Non-ASEAN,2017-11-01,2017,11,3007.0,20 modelled source markets only; NOT all-Malaysia total
PAK,Pakistan,Non-ASEAN,2017-12-01,2017,12,4165.0,20 modelled source markets only; NOT all-Malaysia total
PAK,Pakistan,Non-ASEAN,2018-01-01,2018,1,7515.0,20 modelled source markets only; NOT all-Malaysia total
PAK,Pakistan,Non-ASEAN,2018-02-01,2018,2,5700.0,20 modelled source markets only; NOT all-Malaysia total
PAK,Pakistan,Non-ASEAN,2018-03-01,2018,3,5395.0,20 modelled source markets only; NOT all-Malaysia total
PAK,Pakistan,Non-ASEAN,2018-04-01,2018,4,4405.0,20 modelled source markets only; NOT all-Malaysia total
PAK,Pakistan,Non-ASEAN,2018-05-01,2018,5,5349.0,20 modelled source markets only; NOT all-Malaysia total
PAK,Pakistan,Non-ASEAN,2018-06-01,2018,6,6409.0,20 modelled source markets only; NOT all-Malaysia total
PAK,Pakistan,Non-ASEAN,2018-07-01,2018,7,9077.0,20 modelled source markets only; NOT all-Malaysia total
PAK,Pakistan,Non-ASEAN,2018-08-01,2018,8,6830.0,20 modelled source markets only; NOT all-Malaysia total
PAK,Pakistan,Non-ASEAN,2018-09-01,2018,9,5393.0,20 modelled source markets only; NOT all-Malaysia total
PAK,Pakistan,Non-ASEAN,2018-10-01,2018,10,6874.0,20 modelled source markets only; NOT all-Malaysia total
PAK,Pakistan,Non-ASEAN,2018-11-01,2018,11,5166.0,20 modelled source markets only; NOT all-Malaysia total
PAK,Pakistan,Non-ASEAN,2018-12-01,2018,12,6345.0,20 modelled source markets only; NOT all-Malaysia total
PAK,Pakistan,Non-ASEAN,2019-01-01,2019,1,9624.0,20 modelled source markets only; NOT all-Malaysia total
PAK,Pakistan,Non-ASEAN,2019-02-01,2019,2,7079.0,20 modelled source markets only; NOT all-Malaysia total
PAK,Pakistan,Non-ASEAN,2019-03-01,2019,3,6136.0,20 modelled source markets only; NOT all-Malaysia total
PAK,Pakistan,Non-ASEAN,2019-04-01,2019,4,8733.0,20 modelled source markets only; NOT all-Malaysia total
PAK,Pakistan,Non-ASEAN,2019-05-01,2019,5,5601.0,20 modelled source markets only; NOT all-Malaysia total
PAK,Pakistan,Non-ASEAN,2019-06-01,2019,6,8336.0,20 modelled source markets only; NOT all-Malaysia total
PAK,Pakistan,Non-ASEAN,2019-07-01,2019,7,9735.0,20 modelled source markets only; NOT all-Malaysia total
PAK,Pakistan,Non-ASEAN,2019-08-01,2019,8,8835.0,20 modelled source markets only; NOT all-Malaysia total
PAK,Pakistan,Non-ASEAN,2019-09-01,2019,9,10501.0,20 modelled source markets only; NOT all-Malaysia total
PAK,Pakistan,Non-ASEAN,2019-10-01,2019,10,11175.0,20 modelled source markets only; NOT all-Malaysia total
PAK,Pakistan,Non-ASEAN,2019-11-01,2019,11,11783.0,20 modelled source markets only; NOT all-Malaysia total
PAK,Pakistan,Non-ASEAN,2019-12-01,2019,12,8219.0,20 modelled source markets only; NOT all-Malaysia total
PAK,Pakistan,Non-ASEAN,2020-01-01,2020,1,7264.0,20 modelled source markets only; NOT all-Malaysia total
PAK,Pakistan,Non-ASEAN,2020-02-01,2020,2,7541.0,20 modelled source markets only; NOT all-Malaysia total
PAK,Pakistan,Non-ASEAN,2020-03-01,2020,3,2214.0,20 modelled source markets only; NOT all-Malaysia total
PAK,Pakistan,Non-ASEAN,2020-04-01,2020,4,13.0,20 modelled source markets only; NOT all-Malaysia total
PAK,Pakistan,Non-ASEAN,2020-05-01,2020,5,34.0,20 modelled source markets only; NOT all-Malaysia total
PAK,Pakistan,Non-ASEAN,2020-06-01,2020,6,108.0,20 modelled source markets only; NOT all-Malaysia total
PAK,Pakistan,Non-ASEAN,2020-07-01,2020,7,272.0,20 modelled source markets only; NOT all-Malaysia total
PAK,Pakistan,Non-ASEAN,2020-08-01,2020,8,94.0,20 modelled source markets only; NOT all-Malaysia total
PAK,Pakistan,Non-ASEAN,2020-09-01,2020,9,55.0,20 modelled source markets only; NOT all-Malaysia total
PAK,Pakistan,Non-ASEAN,2020-10-01,2020,10,40.0,20 modelled source markets only; NOT all-Malaysia total
PAK,Pakistan,Non-ASEAN,2020-11-01,2020,11,51.0,20 modelled source markets only; NOT all-Malaysia total
PAK,Pakistan,Non-ASEAN,2020-12-01,2020,12,91.0,20 modelled source markets only; NOT all-Malaysia total
PAK,Pakistan,Non-ASEAN,2021-01-01,2021,1,135.0,20 modelled source markets only; NOT all-Malaysia total
PAK,Pakistan,Non-ASEAN,2021-02-01,2021,2,190.0,20 modelled source markets only; NOT all-Malaysia total
PAK,Pakistan,Non-ASEAN,2021-03-01,2021,3,114.0,20 modelled source markets only; NOT all-Malaysia total
PAK,Pakistan,Non-ASEAN,2021-04-01,2021,4,79.0,20 modelled source markets only; NOT all-Malaysia total
PAK,Pakistan,Non-ASEAN,2021-05-01,2021,5,20.0,20 modelled source markets only; NOT all-Malaysia total
PAK,Pakistan,Non-ASEAN,2021-06-01,2021,6,15.0,20 modelled source markets only; NOT all-Malaysia total
PAK,Pakistan,Non-ASEAN,2021-07-01,2021,7,4.0,20 modelled source markets only; NOT all-Malaysia total
PAK,Pakistan,Non-ASEAN,2021-08-01,2021,8,16.0,20 modelled source markets only; NOT all-Malaysia total
PAK,Pakistan,Non-ASEAN,2021-09-01,2021,9,16.0,20 modelled source markets only; NOT all-Malaysia total
PAK,Pakistan,Non-ASEAN,2021-10-01,2021,10,95.0,20 modelled source markets only; NOT all-Malaysia total
PAK,Pakistan,Non-ASEAN,2021-11-01,2021,11,297.0,20 modelled source markets only; NOT all-Malaysia total
PAK,Pakistan,Non-ASEAN,2021-12-01,2021,12,1062.0,20 modelled source markets only; NOT all-Malaysia total
PAK,Pakistan,Non-ASEAN,2022-01-01,2022,1,1283.0,20 modelled source markets only; NOT all-Malaysia total
PAK,Pakistan,Non-ASEAN,2022-02-01,2022,2,1228.0,20 modelled source markets only; NOT all-Malaysia total
PAK,Pakistan,Non-ASEAN,2022-03-01,2022,3,1334.0,20 modelled source markets only; NOT all-Malaysia total
PAK,Pakistan,Non-ASEAN,2022-04-01,2022,4,2639.0,20 modelled source markets only; NOT all-Malaysia total
PAK,Pakistan,Non-ASEAN,2022-05-01,2022,5,3757.0,20 modelled source markets only; NOT all-Malaysia total
PAK,Pakistan,Non-ASEAN,2022-06-01,2022,6,5724.0,20 modelled source markets only; NOT all-Malaysia total
PAK,Pakistan,Non-ASEAN,2022-07-01,2022,7,6770.0,20 modelled source markets only; NOT all-Malaysia total
PAK,Pakistan,Non-ASEAN,2022-08-01,2022,8,6486.0,20 modelled source markets only; NOT all-Malaysia total
PAK,Pakistan,Non-ASEAN,2022-09-01,2022,9,7256.0,20 modelled source markets only; NOT all-Malaysia total
PAK,Pakistan,Non-ASEAN,2022-10-01,2022,10,8032.0,20 modelled source markets only; NOT all-Malaysia total
PAK,Pakistan,Non-ASEAN,2022-11-01,2022,11,7058.0,20 modelled source markets only; NOT all-Malaysia total
PAK,Pakistan,Non-ASEAN,2022-12-01,2022,12,8968.0,20 modelled source markets only; NOT all-Malaysia total
PAK,Pakistan,Non-ASEAN,2023-01-01,2023,1,8638.0,20 modelled source markets only; NOT all-Malaysia total
PAK,Pakistan,Non-ASEAN,2023-02-01,2023,2,9881.0,20 modelled source markets only; NOT all-Malaysia total
PAK,Pakistan,Non-ASEAN,2023-03-01,2023,3,10785.0,20 modelled source markets only; NOT all-Malaysia total
PAK,Pakistan,Non-ASEAN,2023-04-01,2023,4,9667.0,20 modelled source markets only; NOT all-Malaysia total
PAK,Pakistan,Non-ASEAN,2023-05-01,2023,5,9080.0,20 modelled source markets only; NOT all-Malaysia total
PAK,Pakistan,Non-ASEAN,2023-06-01,2023,6,7637.0,20 modelled source markets only; NOT all-Malaysia total
PAK,Pakistan,Non-ASEAN,2023-07-01,2023,7,7927.0,20 modelled source markets only; NOT all-Malaysia total
PAK,Pakistan,Non-ASEAN,2023-08-01,2023,8,9579.0,20 modelled source markets only; NOT all-Malaysia total
PAK,Pakistan,Non-ASEAN,2023-09-01,2023,9,9385.0,20 modelled source markets only; NOT all-Malaysia total
PAK,Pakistan,Non-ASEAN,2023-10-01,2023,10,9037.0,20 modelled source markets only; NOT all-Malaysia total
PAK,Pakistan,Non-ASEAN,2023-11-01,2023,11,6659.0,20 modelled source markets only; NOT all-Malaysia total
PAK,Pakistan,Non-ASEAN,2023-12-01,2023,12,9382.0,20 modelled source markets only; NOT all-Malaysia total
PAK,Pakistan,Non-ASEAN,2024-01-01,2024,1,7859.0,20 modelled source markets only; NOT all-Malaysia total
PAK,Pakistan,Non-ASEAN,2024-02-01,2024,2,8614.0,20 modelled source markets only; NOT all-Malaysia total
PAK,Pakistan,Non-ASEAN,2024-03-01,2024,3,5366.0,20 modelled source markets only; NOT all-Malaysia total
PAK,Pakistan,Non-ASEAN,2024-04-01,2024,4,5265.0,20 modelled source markets only; NOT all-Malaysia total
PAK,Pakistan,Non-ASEAN,2024-05-01,2024,5,8688.0,20 modelled source markets only; NOT all-Malaysia total
PAK,Pakistan,Non-ASEAN,2024-06-01,2024,6,9191.0,20 modelled source markets only; NOT all-Malaysia total
PAK,Pakistan,Non-ASEAN,2024-07-01,2024,7,9679.0,20 modelled source markets only; NOT all-Malaysia total
PAK,Pakistan,Non-ASEAN,2024-08-01,2024,8,9784.0,20 modelled source markets only; NOT all-Malaysia total
PAK,Pakistan,Non-ASEAN,2024-09-01,2024,9,7724.0,20 modelled source markets only; NOT all-Malaysia total
PAK,Pakistan,Non-ASEAN,2024-10-01,2024,10,8780.0,20 modelled source markets only; NOT all-Malaysia total
PAK,Pakistan,Non-ASEAN,2024-11-01,2024,11,11243.0,20 modelled source markets only; NOT all-Malaysia total
PAK,Pakistan,Non-ASEAN,2024-12-01,2024,12,10377.0,20 modelled source markets only; NOT all-Malaysia total
PAK,Pakistan,Non-ASEAN,2025-01-01,2025,1,10954.0,20 modelled source markets only; NOT all-Malaysia total
PAK,Pakistan,Non-ASEAN,2025-02-01,2025,2,9805.0,20 modelled source markets only; NOT all-Malaysia total
PAK,Pakistan,Non-ASEAN,2025-03-01,2025,3,6688.0,20 modelled source markets only; NOT all-Malaysia total
PAK,Pakistan,Non-ASEAN,2025-04-01,2025,4,9262.0,20 modelled source markets only; NOT all-Malaysia total
PAK,Pakistan,Non-ASEAN,2025-05-01,2025,5,8900.0,20 modelled source markets only; NOT all-Malaysia total
PAK,Pakistan,Non-ASEAN,2025-06-01,2025,6,15406.0,20 modelled source markets only; NOT all-Malaysia total
PAK,Pakistan,Non-ASEAN,2025-07-01,2025,7,14334.0,20 modelled source markets only; NOT all-Malaysia total
PAK,Pakistan,Non-ASEAN,2025-08-01,2025,8,13152.0,20 modelled source markets only; NOT all-Malaysia total
PAK,Pakistan,Non-ASEAN,2025-09-01,2025,9,10572.0,20 modelled source markets only; NOT all-Malaysia total
PAK,Pakistan,Non-ASEAN,2025-10-01,2025,10,10034.0,20 modelled source markets only; NOT all-Malaysia total
PAK,Pakistan,Non-ASEAN,2025-11-01,2025,11,9981.0,20 modelled source markets only; NOT all-Malaysia total
PAK,Pakistan,Non-ASEAN,2025-12-01,2025,12,10405.0,20 modelled source markets only; NOT all-Malaysia total
PAK,Pakistan,Non-ASEAN,2026-01-01,2026,1,10334.0,20 modelled source markets only; NOT all-Malaysia total
PAK,Pakistan,Non-ASEAN,2026-02-01,2026,2,6951.0,20 modelled source markets only; NOT all-Malaysia total
PAK,Pakistan,Non-ASEAN,2026-03-01,2026,3,5226.0,20 modelled source markets only; NOT all-Malaysia total
PAK,Pakistan,Non-ASEAN,2026-04-01,2026,4,7524.0,20 modelled source markets only; NOT all-Malaysia total
PAK,Pakistan,Non-ASEAN,2026-05-01,2026,5,8007.0,20 modelled source markets only; NOT all-Malaysia total
PHL,Philippines,ASEAN,2017-03-01,2017,3,27618.0,20 modelled source markets only; NOT all-Malaysia total
PHL,Philippines,ASEAN,2017-04-01,2017,4,35625.0,20 modelled source markets only; NOT all-Malaysia total
PHL,Philippines,ASEAN,2017-05-01,2017,5,29276.0,20 modelled source markets only; NOT all-Malaysia total
PHL,Philippines,ASEAN,2017-06-01,2017,6,34358.0,20 modelled source markets only; NOT all-Malaysia total
PHL,Philippines,ASEAN,2017-07-01,2017,7,31122.0,20 modelled source markets only; NOT all-Malaysia total
PHL,Philippines,ASEAN,2017-08-01,2017,8,31047.0,20 modelled source markets only; NOT all-Malaysia total
PHL,Philippines,ASEAN,2017-09-01,2017,9,31270.0,20 modelled source markets only; NOT all-Malaysia total
PHL,Philippines,ASEAN,2017-10-01,2017,10,33208.0,20 modelled source markets only; NOT all-Malaysia total
PHL,Philippines,ASEAN,2017-11-01,2017,11,30104.0,20 modelled source markets only; NOT all-Malaysia total
PHL,Philippines,ASEAN,2017-12-01,2017,12,36117.0,20 modelled source markets only; NOT all-Malaysia total
PHL,Philippines,ASEAN,2018-01-01,2018,1,27921.0,20 modelled source markets only; NOT all-Malaysia total
PHL,Philippines,ASEAN,2018-02-01,2018,2,29482.0,20 modelled source markets only; NOT all-Malaysia total
PHL,Philippines,ASEAN,2018-03-01,2018,3,32429.0,20 modelled source markets only; NOT all-Malaysia total
PHL,Philippines,ASEAN,2018-04-01,2018,4,33070.0,20 modelled source markets only; NOT all-Malaysia total
PHL,Philippines,ASEAN,2018-05-01,2018,5,39902.0,20 modelled source markets only; NOT all-Malaysia total
PHL,Philippines,ASEAN,2018-06-01,2018,6,36763.0,20 modelled source markets only; NOT all-Malaysia total
PHL,Philippines,ASEAN,2018-07-01,2018,7,32514.0,20 modelled source markets only; NOT all-Malaysia total
PHL,Philippines,ASEAN,2018-08-01,2018,8,30671.0,20 modelled source markets only; NOT all-Malaysia total
PHL,Philippines,ASEAN,2018-09-01,2018,9,29210.0,20 modelled source markets only; NOT all-Malaysia total
PHL,Philippines,ASEAN,2018-10-01,2018,10,35172.0,20 modelled source markets only; NOT all-Malaysia total
PHL,Philippines,ASEAN,2018-11-01,2018,11,32250.0,20 modelled source markets only; NOT all-Malaysia total
PHL,Philippines,ASEAN,2018-12-01,2018,12,36678.0,20 modelled source markets only; NOT all-Malaysia total
PHL,Philippines,ASEAN,2019-01-01,2019,1,28563.0,20 modelled source markets only; NOT all-Malaysia total
PHL,Philippines,ASEAN,2019-02-01,2019,2,30512.0,20 modelled source markets only; NOT all-Malaysia total
PHL,Philippines,ASEAN,2019-03-01,2019,3,34699.0,20 modelled source markets only; NOT all-Malaysia total
PHL,Philippines,ASEAN,2019-04-01,2019,4,38481.0,20 modelled source markets only; NOT all-Malaysia total
PHL,Philippines,ASEAN,2019-05-01,2019,5,39401.0,20 modelled source markets only; NOT all-Malaysia total
PHL,Philippines,ASEAN,2019-06-01,2019,6,39318.0,20 modelled source markets only; NOT all-Malaysia total
PHL,Philippines,ASEAN,2019-07-01,2019,7,34123.0,20 modelled source markets only; NOT all-Malaysia total
PHL,Philippines,ASEAN,2019-08-01,2019,8,39309.0,20 modelled source markets only; NOT all-Malaysia total
PHL,Philippines,ASEAN,2019-09-01,2019,9,32888.0,20 modelled source markets only; NOT all-Malaysia total
PHL,Philippines,ASEAN,2019-10-01,2019,10,33661.0,20 modelled source markets only; NOT all-Malaysia total
PHL,Philippines,ASEAN,2019-11-01,2019,11,33842.0,20 modelled source markets only; NOT all-Malaysia total
PHL,Philippines,ASEAN,2019-12-01,2019,12,37111.0,20 modelled source markets only; NOT all-Malaysia total
PHL,Philippines,ASEAN,2020-01-01,2020,1,31095.0,20 modelled source markets only; NOT all-Malaysia total
PHL,Philippines,ASEAN,2020-02-01,2020,2,22474.0,20 modelled source markets only; NOT all-Malaysia total
PHL,Philippines,ASEAN,2020-03-01,2020,3,10688.0,20 modelled source markets only; NOT all-Malaysia total
PHL,Philippines,ASEAN,2020-04-01,2020,4,7.0,20 modelled source markets only; NOT all-Malaysia total
PHL,Philippines,ASEAN,2020-05-01,2020,5,12.0,20 modelled source markets only; NOT all-Malaysia total
PHL,Philippines,ASEAN,2020-06-01,2020,6,35.0,20 modelled source markets only; NOT all-Malaysia total
PHL,Philippines,ASEAN,2020-07-01,2020,7,790.0,20 modelled source markets only; NOT all-Malaysia total
PHL,Philippines,ASEAN,2020-08-01,2020,8,112.0,20 modelled source markets only; NOT all-Malaysia total
PHL,Philippines,ASEAN,2020-09-01,2020,9,388.0,20 modelled source markets only; NOT all-Malaysia total
PHL,Philippines,ASEAN,2020-10-01,2020,10,223.0,20 modelled source markets only; NOT all-Malaysia total
PHL,Philippines,ASEAN,2020-11-01,2020,11,109.0,20 modelled source markets only; NOT all-Malaysia total
PHL,Philippines,ASEAN,2020-12-01,2020,12,118.0,20 modelled source markets only; NOT all-Malaysia total
PHL,Philippines,ASEAN,2021-01-01,2021,1,213.0,20 modelled source markets only; NOT all-Malaysia total
PHL,Philippines,ASEAN,2021-02-01,2021,2,198.0,20 modelled source markets only; NOT all-Malaysia total
PHL,Philippines,ASEAN,2021-03-01,2021,3,192.0,20 modelled source markets only; NOT all-Malaysia total
PHL,Philippines,ASEAN,2021-04-01,2021,4,215.0,20 modelled source markets only; NOT all-Malaysia total
PHL,Philippines,ASEAN,2021-05-01,2021,5,215.0,20 modelled source markets only; NOT all-Malaysia total
PHL,Philippines,ASEAN,2021-06-01,2021,6,84.0,20 modelled source markets only; NOT all-Malaysia total
PHL,Philippines,ASEAN,2021-07-01,2021,7,163.0,20 modelled source markets only; NOT all-Malaysia total
PHL,Philippines,ASEAN,2021-08-01,2021,8,120.0,20 modelled source markets only; NOT all-Malaysia total
PHL,Philippines,ASEAN,2021-09-01,2021,9,141.0,20 modelled source markets only; NOT all-Malaysia total
PHL,Philippines,ASEAN,2021-10-01,2021,10,144.0,20 modelled source markets only; NOT all-Malaysia total
PHL,Philippines,ASEAN,2021-11-01,2021,11,195.0,20 modelled source markets only; NOT all-Malaysia total
PHL,Philippines,ASEAN,2021-12-01,2021,12,437.0,20 modelled source markets only; NOT all-Malaysia total
PHL,Philippines,ASEAN,2022-01-01,2022,1,292.0,20 modelled source markets only; NOT all-Malaysia total
PHL,Philippines,ASEAN,2022-02-01,2022,2,317.0,20 modelled source markets only; NOT all-Malaysia total
PHL,Philippines,ASEAN,2022-03-01,2022,3,476.0,20 modelled source markets only; NOT all-Malaysia total
PHL,Philippines,ASEAN,2022-04-01,2022,4,4989.0,20 modelled source markets only; NOT all-Malaysia total
PHL,Philippines,ASEAN,2022-05-01,2022,5,9104.0,20 modelled source markets only; NOT all-Malaysia total
PHL,Philippines,ASEAN,2022-06-01,2022,6,13137.0,20 modelled source markets only; NOT all-Malaysia total
PHL,Philippines,ASEAN,2022-07-01,2022,7,17396.0,20 modelled source markets only; NOT all-Malaysia total
PHL,Philippines,ASEAN,2022-08-01,2022,8,16517.0,20 modelled source markets only; NOT all-Malaysia total
PHL,Philippines,ASEAN,2022-09-01,2022,9,18208.0,20 modelled source markets only; NOT all-Malaysia total
PHL,Philippines,ASEAN,2022-10-01,2022,10,24299.0,20 modelled source markets only; NOT all-Malaysia total
PHL,Philippines,ASEAN,2022-11-01,2022,11,25041.0,20 modelled source markets only; NOT all-Malaysia total
PHL,Philippines,ASEAN,2022-12-01,2022,12,29666.0,20 modelled source markets only; NOT all-Malaysia total
PHL,Philippines,ASEAN,2023-01-01,2023,1,21882.0,20 modelled source markets only; NOT all-Malaysia total
PHL,Philippines,ASEAN,2023-02-01,2023,2,20373.0,20 modelled source markets only; NOT all-Malaysia total
PHL,Philippines,ASEAN,2023-03-01,2023,3,25402.0,20 modelled source markets only; NOT all-Malaysia total
PHL,Philippines,ASEAN,2023-04-01,2023,4,25601.0,20 modelled source markets only; NOT all-Malaysia total
PHL,Philippines,ASEAN,2023-05-01,2023,5,24628.0,20 modelled source markets only; NOT all-Malaysia total
PHL,Philippines,ASEAN,2023-06-01,2023,6,25049.0,20 modelled source markets only; NOT all-Malaysia total
PHL,Philippines,ASEAN,2023-07-01,2023,7,34949.0,20 modelled source markets only; NOT all-Malaysia total
PHL,Philippines,ASEAN,2023-08-01,2023,8,31777.0,20 modelled source markets only; NOT all-Malaysia total
PHL,Philippines,ASEAN,2023-09-01,2023,9,30317.0,20 modelled source markets only; NOT all-Malaysia total
PHL,Philippines,ASEAN,2023-10-01,2023,10,28819.0,20 modelled source markets only; NOT all-Malaysia total
PHL,Philippines,ASEAN,2023-11-01,2023,11,30845.0,20 modelled source markets only; NOT all-Malaysia total
PHL,Philippines,ASEAN,2023-12-01,2023,12,39640.0,20 modelled source markets only; NOT all-Malaysia total
PHL,Philippines,ASEAN,2024-01-01,2024,1,23580.0,20 modelled source markets only; NOT all-Malaysia total
PHL,Philippines,ASEAN,2024-02-01,2024,2,28149.0,20 modelled source markets only; NOT all-Malaysia total
PHL,Philippines,ASEAN,2024-03-01,2024,3,40673.0,20 modelled source markets only; NOT all-Malaysia total
PHL,Philippines,ASEAN,2024-04-01,2024,4,27400.0,20 modelled source markets only; NOT all-Malaysia total
PHL,Philippines,ASEAN,2024-05-01,2024,5,29911.0,20 modelled source markets only; NOT all-Malaysia total
PHL,Philippines,ASEAN,2024-06-01,2024,6,42354.0,20 modelled source markets only; NOT all-Malaysia total
PHL,Philippines,ASEAN,2024-07-01,2024,7,35988.0,20 modelled source markets only; NOT all-Malaysia total
PHL,Philippines,ASEAN,2024-08-01,2024,8,34197.0,20 modelled source markets only; NOT all-Malaysia total
PHL,Philippines,ASEAN,2024-09-01,2024,9,29787.0,20 modelled source markets only; NOT all-Malaysia total
PHL,Philippines,ASEAN,2024-10-01,2024,10,35782.0,20 modelled source markets only; NOT all-Malaysia total
PHL,Philippines,ASEAN,2024-11-01,2024,11,31527.0,20 modelled source markets only; NOT all-Malaysia total
PHL,Philippines,ASEAN,2024-12-01,2024,12,41564.0,20 modelled source markets only; NOT all-Malaysia total
PHL,Philippines,ASEAN,2025-01-01,2025,1,30503.0,20 modelled source markets only; NOT all-Malaysia total
PHL,Philippines,ASEAN,2025-02-01,2025,2,26418.0,20 modelled source markets only; NOT all-Malaysia total
PHL,Philippines,ASEAN,2025-03-01,2025,3,30030.0,20 modelled source markets only; NOT all-Malaysia total
PHL,Philippines,ASEAN,2025-04-01,2025,4,32474.0,20 modelled source markets only; NOT all-Malaysia total
PHL,Philippines,ASEAN,2025-05-01,2025,5,39725.0,20 modelled source markets only; NOT all-Malaysia total
PHL,Philippines,ASEAN,2025-06-01,2025,6,37771.0,20 modelled source markets only; NOT all-Malaysia total
PHL,Philippines,ASEAN,2025-07-01,2025,7,37040.0,20 modelled source markets only; NOT all-Malaysia total
PHL,Philippines,ASEAN,2025-08-01,2025,8,34093.0,20 modelled source markets only; NOT all-Malaysia total
PHL,Philippines,ASEAN,2025-09-01,2025,9,31380.0,20 modelled source markets only; NOT all-Malaysia total
PHL,Philippines,ASEAN,2025-10-01,2025,10,36724.0,20 modelled source markets only; NOT all-Malaysia total
PHL,Philippines,ASEAN,2025-11-01,2025,11,36044.0,20 modelled source markets only; NOT all-Malaysia total
PHL,Philippines,ASEAN,2025-12-01,2025,12,44393.0,20 modelled source markets only; NOT all-Malaysia total
PHL,Philippines,ASEAN,2026-01-01,2026,1,29084.0,20 modelled source markets only; NOT all-Malaysia total
PHL,Philippines,ASEAN,2026-02-01,2026,2,31016.0,20 modelled source markets only; NOT all-Malaysia total
PHL,Philippines,ASEAN,2026-03-01,2026,3,31999.0,20 modelled source markets only; NOT all-Malaysia total
PHL,Philippines,ASEAN,2026-04-01,2026,4,36419.0,20 modelled source markets only; NOT all-Malaysia total
PHL,Philippines,ASEAN,2026-05-01,2026,5,38567.0,20 modelled source markets only; NOT all-Malaysia total
SGP,Singapore,ASEAN,2017-03-01,2017,3,1068479.0,20 modelled source markets only; NOT all-Malaysia total
SGP,Singapore,ASEAN,2017-04-01,2017,4,956849.0,20 modelled source markets only; NOT all-Malaysia total
SGP,Singapore,ASEAN,2017-05-01,2017,5,1047373.0,20 modelled source markets only; NOT all-Malaysia total
SGP,Singapore,ASEAN,2017-06-01,2017,6,1082293.0,20 modelled source markets only; NOT all-Malaysia total
SGP,Singapore,ASEAN,2017-07-01,2017,7,1019517.0,20 modelled source markets only; NOT all-Malaysia total
SGP,Singapore,ASEAN,2017-08-01,2017,8,941474.0,20 modelled source markets only; NOT all-Malaysia total
SGP,Singapore,ASEAN,2017-09-01,2017,9,1018273.0,20 modelled source markets only; NOT all-Malaysia total
SGP,Singapore,ASEAN,2017-10-01,2017,10,952993.0,20 modelled source markets only; NOT all-Malaysia total
SGP,Singapore,ASEAN,2017-11-01,2017,11,959897.0,20 modelled source markets only; NOT all-Malaysia total
SGP,Singapore,ASEAN,2017-12-01,2017,12,1248917.0,20 modelled source markets only; NOT all-Malaysia total
SGP,Singapore,ASEAN,2018-01-01,2018,1,974677.0,20 modelled source markets only; NOT all-Malaysia total
SGP,Singapore,ASEAN,2018-02-01,2018,2,788733.0,20 modelled source markets only; NOT all-Malaysia total
SGP,Singapore,ASEAN,2018-03-01,2018,3,904058.0,20 modelled source markets only; NOT all-Malaysia total
SGP,Singapore,ASEAN,2018-04-01,2018,4,739975.0,20 modelled source markets only; NOT all-Malaysia total
SGP,Singapore,ASEAN,2018-05-01,2018,5,788447.0,20 modelled source markets only; NOT all-Malaysia total
SGP,Singapore,ASEAN,2018-06-01,2018,6,999336.0,20 modelled source markets only; NOT all-Malaysia total
SGP,Singapore,ASEAN,2018-07-01,2018,7,846951.0,20 modelled source markets only; NOT all-Malaysia total
SGP,Singapore,ASEAN,2018-08-01,2018,8,876124.0,20 modelled source markets only; NOT all-Malaysia total
SGP,Singapore,ASEAN,2018-09-01,2018,9,911816.0,20 modelled source markets only; NOT all-Malaysia total
SGP,Singapore,ASEAN,2018-10-01,2018,10,853921.0,20 modelled source markets only; NOT all-Malaysia total
SGP,Singapore,ASEAN,2018-11-01,2018,11,866272.0,20 modelled source markets only; NOT all-Malaysia total
SGP,Singapore,ASEAN,2018-12-01,2018,12,1065676.0,20 modelled source markets only; NOT all-Malaysia total
SGP,Singapore,ASEAN,2019-01-01,2019,1,837971.0,20 modelled source markets only; NOT all-Malaysia total
SGP,Singapore,ASEAN,2019-02-01,2019,2,813186.0,20 modelled source markets only; NOT all-Malaysia total
SGP,Singapore,ASEAN,2019-03-01,2019,3,974968.0,20 modelled source markets only; NOT all-Malaysia total
SGP,Singapore,ASEAN,2019-04-01,2019,4,843736.0,20 modelled source markets only; NOT all-Malaysia total
SGP,Singapore,ASEAN,2019-05-01,2019,5,894454.0,20 modelled source markets only; NOT all-Malaysia total
SGP,Singapore,ASEAN,2019-06-01,2019,6,1017251.0,20 modelled source markets only; NOT all-Malaysia total
SGP,Singapore,ASEAN,2019-07-01,2019,7,853531.0,20 modelled source markets only; NOT all-Malaysia total
SGP,Singapore,ASEAN,2019-08-01,2019,8,870657.0,20 modelled source markets only; NOT all-Malaysia total
SGP,Singapore,ASEAN,2019-09-01,2019,9,763001.0,20 modelled source markets only; NOT all-Malaysia total
SGP,Singapore,ASEAN,2019-10-01,2019,10,744314.0,20 modelled source markets only; NOT all-Malaysia total
SGP,Singapore,ASEAN,2019-11-01,2019,11,738951.0,20 modelled source markets only; NOT all-Malaysia total
SGP,Singapore,ASEAN,2019-12-01,2019,12,811862.0,20 modelled source markets only; NOT all-Malaysia total
SGP,Singapore,ASEAN,2020-01-01,2020,1,737477.0,20 modelled source markets only; NOT all-Malaysia total
SGP,Singapore,ASEAN,2020-02-01,2020,2,494638.0,20 modelled source markets only; NOT all-Malaysia total
SGP,Singapore,ASEAN,2020-03-01,2020,3,309476.0,20 modelled source markets only; NOT all-Malaysia total
SGP,Singapore,ASEAN,2020-04-01,2020,4,69.0,20 modelled source markets only; NOT all-Malaysia total
SGP,Singapore,ASEAN,2020-05-01,2020,5,55.0,20 modelled source markets only; NOT all-Malaysia total
SGP,Singapore,ASEAN,2020-06-01,2020,6,105.0,20 modelled source markets only; NOT all-Malaysia total
SGP,Singapore,ASEAN,2020-07-01,2020,7,257.0,20 modelled source markets only; NOT all-Malaysia total
SGP,Singapore,ASEAN,2020-08-01,2020,8,381.0,20 modelled source markets only; NOT all-Malaysia total
SGP,Singapore,ASEAN,2020-09-01,2020,9,1169.0,20 modelled source markets only; NOT all-Malaysia total
SGP,Singapore,ASEAN,2020-10-01,2020,10,709.0,20 modelled source markets only; NOT all-Malaysia total
SGP,Singapore,ASEAN,2020-11-01,2020,11,574.0,20 modelled source markets only; NOT all-Malaysia total
SGP,Singapore,ASEAN,2020-12-01,2020,12,345.0,20 modelled source markets only; NOT all-Malaysia total
SGP,Singapore,ASEAN,2021-01-01,2021,1,332.0,20 modelled source markets only; NOT all-Malaysia total
SGP,Singapore,ASEAN,2021-02-01,2021,2,285.0,20 modelled source markets only; NOT all-Malaysia total
SGP,Singapore,ASEAN,2021-03-01,2021,3,349.0,20 modelled source markets only; NOT all-Malaysia total
SGP,Singapore,ASEAN,2021-04-01,2021,4,324.0,20 modelled source markets only; NOT all-Malaysia total
SGP,Singapore,ASEAN,2021-05-01,2021,5,193.0,20 modelled source markets only; NOT all-Malaysia total
SGP,Singapore,ASEAN,2021-06-01,2021,6,108.0,20 modelled source markets only; NOT all-Malaysia total
SGP,Singapore,ASEAN,2021-07-01,2021,7,143.0,20 modelled source markets only; NOT all-Malaysia total
SGP,Singapore,ASEAN,2021-08-01,2021,8,147.0,20 modelled source markets only; NOT all-Malaysia total
SGP,Singapore,ASEAN,2021-09-01,2021,9,154.0,20 modelled source markets only; NOT all-Malaysia total
SGP,Singapore,ASEAN,2021-10-01,2021,10,300.0,20 modelled source markets only; NOT all-Malaysia total
SGP,Singapore,ASEAN,2021-11-01,2021,11,935.0,20 modelled source markets only; NOT all-Malaysia total
SGP,Singapore,ASEAN,2021-12-01,2021,12,13038.0,20 modelled source markets only; NOT all-Malaysia total
SGP,Singapore,ASEAN,2022-01-01,2022,1,7143.0,20 modelled source markets only; NOT all-Malaysia total
SGP,Singapore,ASEAN,2022-02-01,2022,2,6259.0,20 modelled source markets only; NOT all-Malaysia total
SGP,Singapore,ASEAN,2022-03-01,2022,3,15728.0,20 modelled source markets only; NOT all-Malaysia total
SGP,Singapore,ASEAN,2022-04-01,2022,4,262280.0,20 modelled source markets only; NOT all-Malaysia total
SGP,Singapore,ASEAN,2022-05-01,2022,5,400621.0,20 modelled source markets only; NOT all-Malaysia total
SGP,Singapore,ASEAN,2022-06-01,2022,6,577133.0,20 modelled source markets only; NOT all-Malaysia total
SGP,Singapore,ASEAN,2022-07-01,2022,7,540673.0,20 modelled source markets only; NOT all-Malaysia total
SGP,Singapore,ASEAN,2022-08-01,2022,8,513609.0,20 modelled source markets only; NOT all-Malaysia total
SGP,Singapore,ASEAN,2022-09-01,2022,9,649689.0,20 modelled source markets only; NOT all-Malaysia total
SGP,Singapore,ASEAN,2022-10-01,2022,10,639880.0,20 modelled source markets only; NOT all-Malaysia total
SGP,Singapore,ASEAN,2022-11-01,2022,11,656934.0,20 modelled source markets only; NOT all-Malaysia total
SGP,Singapore,ASEAN,2022-12-01,2022,12,953042.0,20 modelled source markets only; NOT all-Malaysia total
SGP,Singapore,ASEAN,2023-01-01,2023,1,643573.0,20 modelled source markets only; NOT all-Malaysia total
SGP,Singapore,ASEAN,2023-02-01,2023,2,501810.0,20 modelled source markets only; NOT all-Malaysia total
SGP,Singapore,ASEAN,2023-03-01,2023,3,682242.0,20 modelled source markets only; NOT all-Malaysia total
SGP,Singapore,ASEAN,2023-04-01,2023,4,601999.0,20 modelled source markets only; NOT all-Malaysia total
SGP,Singapore,ASEAN,2023-05-01,2023,5,588741.0,20 modelled source markets only; NOT all-Malaysia total
SGP,Singapore,ASEAN,2023-06-01,2023,6,862719.0,20 modelled source markets only; NOT all-Malaysia total
SGP,Singapore,ASEAN,2023-07-01,2023,7,656466.0,20 modelled source markets only; NOT all-Malaysia total
SGP,Singapore,ASEAN,2023-08-01,2023,8,612048.0,20 modelled source markets only; NOT all-Malaysia total
SGP,Singapore,ASEAN,2023-09-01,2023,9,745554.0,20 modelled source markets only; NOT all-Malaysia total
SGP,Singapore,ASEAN,2023-10-01,2023,10,644262.0,20 modelled source markets only; NOT all-Malaysia total
SGP,Singapore,ASEAN,2023-11-01,2023,11,734577.0,20 modelled source markets only; NOT all-Malaysia total
SGP,Singapore,ASEAN,2023-12-01,2023,12,1034239.0,20 modelled source markets only; NOT all-Malaysia total
SGP,Singapore,ASEAN,2024-01-01,2024,1,520795.0,20 modelled source markets only; NOT all-Malaysia total
SGP,Singapore,ASEAN,2024-02-01,2024,2,643418.0,20 modelled source markets only; NOT all-Malaysia total
SGP,Singapore,ASEAN,2024-03-01,2024,3,856086.0,20 modelled source markets only; NOT all-Malaysia total
SGP,Singapore,ASEAN,2024-04-01,2024,4,578777.0,20 modelled source markets only; NOT all-Malaysia total
SGP,Singapore,ASEAN,2024-05-01,2024,5,703234.0,20 modelled source markets only; NOT all-Malaysia total
SGP,Singapore,ASEAN,2024-06-01,2024,6,973697.0,20 modelled source markets only; NOT all-Malaysia total
SGP,Singapore,ASEAN,2024-07-01,2024,7,701392.0,20 modelled source markets only; NOT all-Malaysia total
SGP,Singapore,ASEAN,2024-08-01,2024,8,789761.0,20 modelled source markets only; NOT all-Malaysia total
SGP,Singapore,ASEAN,2024-09-01,2024,9,729532.0,20 modelled source markets only; NOT all-Malaysia total
SGP,Singapore,ASEAN,2024-10-01,2024,10,853068.0,20 modelled source markets only; NOT all-Malaysia total
SGP,Singapore,ASEAN,2024-11-01,2024,11,699138.0,20 modelled source markets only; NOT all-Malaysia total
SGP,Singapore,ASEAN,2024-12-01,2024,12,1050829.0,20 modelled source markets only; NOT all-Malaysia total
SGP,Singapore,ASEAN,2025-01-01,2025,1,759604.0,20 modelled source markets only; NOT all-Malaysia total
SGP,Singapore,ASEAN,2025-02-01,2025,2,549726.0,20 modelled source markets only; NOT all-Malaysia total
SGP,Singapore,ASEAN,2025-03-01,2025,3,798783.0,20 modelled source markets only; NOT all-Malaysia total
SGP,Singapore,ASEAN,2025-04-01,2025,4,610039.0,20 modelled source markets only; NOT all-Malaysia total
SGP,Singapore,ASEAN,2025-05-01,2025,5,737921.0,20 modelled source markets only; NOT all-Malaysia total
SGP,Singapore,ASEAN,2025-06-01,2025,6,945817.0,20 modelled source markets only; NOT all-Malaysia total
SGP,Singapore,ASEAN,2025-07-01,2025,7,939065.0,20 modelled source markets only; NOT all-Malaysia total
SGP,Singapore,ASEAN,2025-08-01,2025,8,694150.0,20 modelled source markets only; NOT all-Malaysia total
SGP,Singapore,ASEAN,2025-09-01,2025,9,711076.0,20 modelled source markets only; NOT all-Malaysia total
SGP,Singapore,ASEAN,2025-10-01,2025,10,754949.0,20 modelled source markets only; NOT all-Malaysia total
SGP,Singapore,ASEAN,2025-11-01,2025,11,770048.0,20 modelled source markets only; NOT all-Malaysia total
SGP,Singapore,ASEAN,2025-12-01,2025,12,1073335.0,20 modelled source markets only; NOT all-Malaysia total
SGP,Singapore,ASEAN,2026-01-01,2026,1,670093.0,20 modelled source markets only; NOT all-Malaysia total
SGP,Singapore,ASEAN,2026-02-01,2026,2,678011.0,20 modelled source markets only; NOT all-Malaysia total
SGP,Singapore,ASEAN,2026-03-01,2026,3,704305.0,20 modelled source markets only; NOT all-Malaysia total
SGP,Singapore,ASEAN,2026-04-01,2026,4,652091.0,20 modelled source markets only; NOT all-Malaysia total
SGP,Singapore,ASEAN,2026-05-01,2026,5,768248.0,20 modelled source markets only; NOT all-Malaysia total
THA,Thailand,ASEAN,2017-03-01,2017,3,172459.0,20 modelled source markets only; NOT all-Malaysia total
THA,Thailand,ASEAN,2017-04-01,2017,4,180157.0,20 modelled source markets only; NOT all-Malaysia total
THA,Thailand,ASEAN,2017-05-01,2017,5,153503.0,20 modelled source markets only; NOT all-Malaysia total
THA,Thailand,ASEAN,2017-06-01,2017,6,130120.0,20 modelled source markets only; NOT all-Malaysia total
THA,Thailand,ASEAN,2017-07-01,2017,7,153732.0,20 modelled source markets only; NOT all-Malaysia total
THA,Thailand,ASEAN,2017-08-01,2017,8,138900.0,20 modelled source markets only; NOT all-Malaysia total
THA,Thailand,ASEAN,2017-09-01,2017,9,134963.0,20 modelled source markets only; NOT all-Malaysia total
THA,Thailand,ASEAN,2017-10-01,2017,10,161720.0,20 modelled source markets only; NOT all-Malaysia total
THA,Thailand,ASEAN,2017-11-01,2017,11,159237.0,20 modelled source markets only; NOT all-Malaysia total
THA,Thailand,ASEAN,2017-12-01,2017,12,144896.0,20 modelled source markets only; NOT all-Malaysia total
THA,Thailand,ASEAN,2018-01-01,2018,1,157288.0,20 modelled source markets only; NOT all-Malaysia total
THA,Thailand,ASEAN,2018-02-01,2018,2,150507.0,20 modelled source markets only; NOT all-Malaysia total
THA,Thailand,ASEAN,2018-03-01,2018,3,166085.0,20 modelled source markets only; NOT all-Malaysia total
THA,Thailand,ASEAN,2018-04-01,2018,4,181653.0,20 modelled source markets only; NOT all-Malaysia total
THA,Thailand,ASEAN,2018-05-01,2018,5,154369.0,20 modelled source markets only; NOT all-Malaysia total
THA,Thailand,ASEAN,2018-06-01,2018,6,141148.0,20 modelled source markets only; NOT all-Malaysia total
THA,Thailand,ASEAN,2018-07-01,2018,7,169905.0,20 modelled source markets only; NOT all-Malaysia total
THA,Thailand,ASEAN,2018-08-01,2018,8,157258.0,20 modelled source markets only; NOT all-Malaysia total
THA,Thailand,ASEAN,2018-09-01,2018,9,148472.0,20 modelled source markets only; NOT all-Malaysia total
THA,Thailand,ASEAN,2018-10-01,2018,10,184168.0,20 modelled source markets only; NOT all-Malaysia total
THA,Thailand,ASEAN,2018-11-01,2018,11,147441.0,20 modelled source markets only; NOT all-Malaysia total
THA,Thailand,ASEAN,2018-12-01,2018,12,156398.0,20 modelled source markets only; NOT all-Malaysia total
THA,Thailand,ASEAN,2019-01-01,2019,1,157150.0,20 modelled source markets only; NOT all-Malaysia total
THA,Thailand,ASEAN,2019-02-01,2019,2,162595.0,20 modelled source markets only; NOT all-Malaysia total
THA,Thailand,ASEAN,2019-03-01,2019,3,169606.0,20 modelled source markets only; NOT all-Malaysia total
THA,Thailand,ASEAN,2019-04-01,2019,4,181276.0,20 modelled source markets only; NOT all-Malaysia total
THA,Thailand,ASEAN,2019-05-01,2019,5,159160.0,20 modelled source markets only; NOT all-Malaysia total
THA,Thailand,ASEAN,2019-06-01,2019,6,160778.0,20 modelled source markets only; NOT all-Malaysia total
THA,Thailand,ASEAN,2019-07-01,2019,7,162418.0,20 modelled source markets only; NOT all-Malaysia total
THA,Thailand,ASEAN,2019-08-01,2019,8,153161.0,20 modelled source markets only; NOT all-Malaysia total
THA,Thailand,ASEAN,2019-09-01,2019,9,136080.0,20 modelled source markets only; NOT all-Malaysia total
THA,Thailand,ASEAN,2019-10-01,2019,10,173672.0,20 modelled source markets only; NOT all-Malaysia total
THA,Thailand,ASEAN,2019-11-01,2019,11,137073.0,20 modelled source markets only; NOT all-Malaysia total
THA,Thailand,ASEAN,2019-12-01,2019,12,131337.0,20 modelled source markets only; NOT all-Malaysia total
THA,Thailand,ASEAN,2020-01-01,2020,1,138852.0,20 modelled source markets only; NOT all-Malaysia total
THA,Thailand,ASEAN,2020-02-01,2020,2,126191.0,20 modelled source markets only; NOT all-Malaysia total
THA,Thailand,ASEAN,2020-03-01,2020,3,66374.0,20 modelled source markets only; NOT all-Malaysia total
THA,Thailand,ASEAN,2020-04-01,2020,4,6815.0,20 modelled source markets only; NOT all-Malaysia total
THA,Thailand,ASEAN,2020-05-01,2020,5,4786.0,20 modelled source markets only; NOT all-Malaysia total
THA,Thailand,ASEAN,2020-06-01,2020,6,5115.0,20 modelled source markets only; NOT all-Malaysia total
THA,Thailand,ASEAN,2020-07-01,2020,7,7369.0,20 modelled source markets only; NOT all-Malaysia total
THA,Thailand,ASEAN,2020-08-01,2020,8,7950.0,20 modelled source markets only; NOT all-Malaysia total
THA,Thailand,ASEAN,2020-09-01,2020,9,8623.0,20 modelled source markets only; NOT all-Malaysia total
THA,Thailand,ASEAN,2020-10-01,2020,10,7395.0,20 modelled source markets only; NOT all-Malaysia total
THA,Thailand,ASEAN,2020-11-01,2020,11,7605.0,20 modelled source markets only; NOT all-Malaysia total
THA,Thailand,ASEAN,2020-12-01,2020,12,7338.0,20 modelled source markets only; NOT all-Malaysia total
THA,Thailand,ASEAN,2021-01-01,2021,1,4209.0,20 modelled source markets only; NOT all-Malaysia total
THA,Thailand,ASEAN,2021-02-01,2021,2,3821.0,20 modelled source markets only; NOT all-Malaysia total
THA,Thailand,ASEAN,2021-03-01,2021,3,4465.0,20 modelled source markets only; NOT all-Malaysia total
THA,Thailand,ASEAN,2021-04-01,2021,4,4773.0,20 modelled source markets only; NOT all-Malaysia total
THA,Thailand,ASEAN,2021-05-01,2021,5,5612.0,20 modelled source markets only; NOT all-Malaysia total
THA,Thailand,ASEAN,2021-06-01,2021,6,4246.0,20 modelled source markets only; NOT all-Malaysia total
THA,Thailand,ASEAN,2021-07-01,2021,7,3321.0,20 modelled source markets only; NOT all-Malaysia total
THA,Thailand,ASEAN,2021-08-01,2021,8,4382.0,20 modelled source markets only; NOT all-Malaysia total
THA,Thailand,ASEAN,2021-09-01,2021,9,4596.0,20 modelled source markets only; NOT all-Malaysia total
THA,Thailand,ASEAN,2021-10-01,2021,10,5112.0,20 modelled source markets only; NOT all-Malaysia total
THA,Thailand,ASEAN,2021-11-01,2021,11,6756.0,20 modelled source markets only; NOT all-Malaysia total
THA,Thailand,ASEAN,2021-12-01,2021,12,8314.0,20 modelled source markets only; NOT all-Malaysia total
THA,Thailand,ASEAN,2022-01-01,2022,1,8082.0,20 modelled source markets only; NOT all-Malaysia total
THA,Thailand,ASEAN,2022-02-01,2022,2,7468.0,20 modelled source markets only; NOT all-Malaysia total
THA,Thailand,ASEAN,2022-03-01,2022,3,7495.0,20 modelled source markets only; NOT all-Malaysia total
THA,Thailand,ASEAN,2022-04-01,2022,4,12888.0,20 modelled source markets only; NOT all-Malaysia total
THA,Thailand,ASEAN,2022-05-01,2022,5,33026.0,20 modelled source markets only; NOT all-Malaysia total
THA,Thailand,ASEAN,2022-06-01,2022,6,50103.0,20 modelled source markets only; NOT all-Malaysia total
THA,Thailand,ASEAN,2022-07-01,2022,7,80067.0,20 modelled source markets only; NOT all-Malaysia total
THA,Thailand,ASEAN,2022-08-01,2022,8,91060.0,20 modelled source markets only; NOT all-Malaysia total
THA,Thailand,ASEAN,2022-09-01,2022,9,89769.0,20 modelled source markets only; NOT all-Malaysia total
THA,Thailand,ASEAN,2022-10-01,2022,10,122730.0,20 modelled source markets only; NOT all-Malaysia total
THA,Thailand,ASEAN,2022-11-01,2022,11,104350.0,20 modelled source markets only; NOT all-Malaysia total
THA,Thailand,ASEAN,2022-12-01,2022,12,108490.0,20 modelled source markets only; NOT all-Malaysia total
THA,Thailand,ASEAN,2023-01-01,2023,1,121079.0,20 modelled source markets only; NOT all-Malaysia total
THA,Thailand,ASEAN,2023-02-01,2023,2,117361.0,20 modelled source markets only; NOT all-Malaysia total
THA,Thailand,ASEAN,2023-03-01,2023,3,152376.0,20 modelled source markets only; NOT all-Malaysia total
THA,Thailand,ASEAN,2023-04-01,2023,4,130751.0,20 modelled source markets only; NOT all-Malaysia total
THA,Thailand,ASEAN,2023-05-01,2023,5,149294.0,20 modelled source markets only; NOT all-Malaysia total
THA,Thailand,ASEAN,2023-06-01,2023,6,99381.0,20 modelled source markets only; NOT all-Malaysia total
THA,Thailand,ASEAN,2023-07-01,2023,7,144456.0,20 modelled source markets only; NOT all-Malaysia total
THA,Thailand,ASEAN,2023-08-01,2023,8,116840.0,20 modelled source markets only; NOT all-Malaysia total
THA,Thailand,ASEAN,2023-09-01,2023,9,122092.0,20 modelled source markets only; NOT all-Malaysia total
THA,Thailand,ASEAN,2023-10-01,2023,10,149987.0,20 modelled source markets only; NOT all-Malaysia total
THA,Thailand,ASEAN,2023-11-01,2023,11,121347.0,20 modelled source markets only; NOT all-Malaysia total
THA,Thailand,ASEAN,2023-12-01,2023,12,126318.0,20 modelled source markets only; NOT all-Malaysia total
THA,Thailand,ASEAN,2024-01-01,2024,1,129293.0,20 modelled source markets only; NOT all-Malaysia total
THA,Thailand,ASEAN,2024-02-01,2024,2,130320.0,20 modelled source markets only; NOT all-Malaysia total
THA,Thailand,ASEAN,2024-03-01,2024,3,147146.0,20 modelled source markets only; NOT all-Malaysia total
THA,Thailand,ASEAN,2024-04-01,2024,4,137009.0,20 modelled source markets only; NOT all-Malaysia total
THA,Thailand,ASEAN,2024-05-01,2024,5,139704.0,20 modelled source markets only; NOT all-Malaysia total
THA,Thailand,ASEAN,2024-06-01,2024,6,130311.0,20 modelled source markets only; NOT all-Malaysia total
THA,Thailand,ASEAN,2024-07-01,2024,7,135574.0,20 modelled source markets only; NOT all-Malaysia total
THA,Thailand,ASEAN,2024-08-01,2024,8,139807.0,20 modelled source markets only; NOT all-Malaysia total
THA,Thailand,ASEAN,2024-09-01,2024,9,127645.0,20 modelled source markets only; NOT all-Malaysia total
THA,Thailand,ASEAN,2024-10-01,2024,10,168745.0,20 modelled source markets only; NOT all-Malaysia total
THA,Thailand,ASEAN,2024-11-01,2024,11,112010.0,20 modelled source markets only; NOT all-Malaysia total
THA,Thailand,ASEAN,2024-12-01,2024,12,141647.0,20 modelled source markets only; NOT all-Malaysia total
THA,Thailand,ASEAN,2025-01-01,2025,1,155630.0,20 modelled source markets only; NOT all-Malaysia total
THA,Thailand,ASEAN,2025-02-01,2025,2,136534.0,20 modelled source markets only; NOT all-Malaysia total
THA,Thailand,ASEAN,2025-03-01,2025,3,125935.0,20 modelled source markets only; NOT all-Malaysia total
THA,Thailand,ASEAN,2025-04-01,2025,4,175206.0,20 modelled source markets only; NOT all-Malaysia total
THA,Thailand,ASEAN,2025-05-01,2025,5,146909.0,20 modelled source markets only; NOT all-Malaysia total
THA,Thailand,ASEAN,2025-06-01,2025,6,134976.0,20 modelled source markets only; NOT all-Malaysia total
THA,Thailand,ASEAN,2025-07-01,2025,7,122204.0,20 modelled source markets only; NOT all-Malaysia total
THA,Thailand,ASEAN,2025-08-01,2025,8,148689.0,20 modelled source markets only; NOT all-Malaysia total
THA,Thailand,ASEAN,2025-09-01,2025,9,143346.0,20 modelled source markets only; NOT all-Malaysia total
THA,Thailand,ASEAN,2025-10-01,2025,10,169069.0,20 modelled source markets only; NOT all-Malaysia total
THA,Thailand,ASEAN,2025-11-01,2025,11,121773.0,20 modelled source markets only; NOT all-Malaysia total
THA,Thailand,ASEAN,2025-12-01,2025,12,140699.0,20 modelled source markets only; NOT all-Malaysia total
THA,Thailand,ASEAN,2026-01-01,2026,1,150401.0,20 modelled source markets only; NOT all-Malaysia total
THA,Thailand,ASEAN,2026-02-01,2026,2,127901.0,20 modelled source markets only; NOT all-Malaysia total
THA,Thailand,ASEAN,2026-03-01,2026,3,137167.0,20 modelled source markets only; NOT all-Malaysia total
THA,Thailand,ASEAN,2026-04-01,2026,4,166791.0,20 modelled source markets only; NOT all-Malaysia total
THA,Thailand,ASEAN,2026-05-01,2026,5,124809.0,20 modelled source markets only; NOT all-Malaysia total
TWN,Taiwan,Non-ASEAN,2017-03-01,2017,3,25197.0,20 modelled source markets only; NOT all-Malaysia total
TWN,Taiwan,Non-ASEAN,2017-04-01,2017,4,25834.0,20 modelled source markets only; NOT all-Malaysia total
TWN,Taiwan,Non-ASEAN,2017-05-01,2017,5,25397.0,20 modelled source markets only; NOT all-Malaysia total
TWN,Taiwan,Non-ASEAN,2017-06-01,2017,6,27227.0,20 modelled source markets only; NOT all-Malaysia total
TWN,Taiwan,Non-ASEAN,2017-07-01,2017,7,38281.0,20 modelled source markets only; NOT all-Malaysia total
TWN,Taiwan,Non-ASEAN,2017-08-01,2017,8,34609.0,20 modelled source markets only; NOT all-Malaysia total
TWN,Taiwan,Non-ASEAN,2017-09-01,2017,9,26913.0,20 modelled source markets only; NOT all-Malaysia total
TWN,Taiwan,Non-ASEAN,2017-10-01,2017,10,32646.0,20 modelled source markets only; NOT all-Malaysia total
TWN,Taiwan,Non-ASEAN,2017-11-01,2017,11,21760.0,20 modelled source markets only; NOT all-Malaysia total
TWN,Taiwan,Non-ASEAN,2017-12-01,2017,12,20331.0,20 modelled source markets only; NOT all-Malaysia total
TWN,Taiwan,Non-ASEAN,2018-01-01,2018,1,30938.0,20 modelled source markets only; NOT all-Malaysia total
TWN,Taiwan,Non-ASEAN,2018-02-01,2018,2,35748.0,20 modelled source markets only; NOT all-Malaysia total
TWN,Taiwan,Non-ASEAN,2018-03-01,2018,3,29043.0,20 modelled source markets only; NOT all-Malaysia total
TWN,Taiwan,Non-ASEAN,2018-04-01,2018,4,31324.0,20 modelled source markets only; NOT all-Malaysia total
TWN,Taiwan,Non-ASEAN,2018-05-01,2018,5,31523.0,20 modelled source markets only; NOT all-Malaysia total
TWN,Taiwan,Non-ASEAN,2018-06-01,2018,6,32921.0,20 modelled source markets only; NOT all-Malaysia total
TWN,Taiwan,Non-ASEAN,2018-07-01,2018,7,48411.0,20 modelled source markets only; NOT all-Malaysia total
TWN,Taiwan,Non-ASEAN,2018-08-01,2018,8,40453.0,20 modelled source markets only; NOT all-Malaysia total
TWN,Taiwan,Non-ASEAN,2018-09-01,2018,9,30779.0,20 modelled source markets only; NOT all-Malaysia total
TWN,Taiwan,Non-ASEAN,2018-10-01,2018,10,28968.0,20 modelled source markets only; NOT all-Malaysia total
TWN,Taiwan,Non-ASEAN,2018-11-01,2018,11,23172.0,20 modelled source markets only; NOT all-Malaysia total
TWN,Taiwan,Non-ASEAN,2018-12-01,2018,12,20642.0,20 modelled source markets only; NOT all-Malaysia total
TWN,Taiwan,Non-ASEAN,2019-01-01,2019,1,32424.0,20 modelled source markets only; NOT all-Malaysia total
TWN,Taiwan,Non-ASEAN,2019-02-01,2019,2,35330.0,20 modelled source markets only; NOT all-Malaysia total
TWN,Taiwan,Non-ASEAN,2019-03-01,2019,3,28046.0,20 modelled source markets only; NOT all-Malaysia total
TWN,Taiwan,Non-ASEAN,2019-04-01,2019,4,29691.0,20 modelled source markets only; NOT all-Malaysia total
TWN,Taiwan,Non-ASEAN,2019-05-01,2019,5,27521.0,20 modelled source markets only; NOT all-Malaysia total
TWN,Taiwan,Non-ASEAN,2019-06-01,2019,6,33185.0,20 modelled source markets only; NOT all-Malaysia total
TWN,Taiwan,Non-ASEAN,2019-07-01,2019,7,47554.0,20 modelled source markets only; NOT all-Malaysia total
TWN,Taiwan,Non-ASEAN,2019-08-01,2019,8,40002.0,20 modelled source markets only; NOT all-Malaysia total
TWN,Taiwan,Non-ASEAN,2019-09-01,2019,9,30520.0,20 modelled source markets only; NOT all-Malaysia total
TWN,Taiwan,Non-ASEAN,2019-10-01,2019,10,33128.0,20 modelled source markets only; NOT all-Malaysia total
TWN,Taiwan,Non-ASEAN,2019-11-01,2019,11,26364.0,20 modelled source markets only; NOT all-Malaysia total
TWN,Taiwan,Non-ASEAN,2019-12-01,2019,12,19151.0,20 modelled source markets only; NOT all-Malaysia total
TWN,Taiwan,Non-ASEAN,2020-01-01,2020,1,36524.0,20 modelled source markets only; NOT all-Malaysia total
TWN,Taiwan,Non-ASEAN,2020-02-01,2020,2,19863.0,20 modelled source markets only; NOT all-Malaysia total
TWN,Taiwan,Non-ASEAN,2020-03-01,2020,3,3363.0,20 modelled source markets only; NOT all-Malaysia total
TWN,Taiwan,Non-ASEAN,2020-04-01,2020,4,2.0,20 modelled source markets only; NOT all-Malaysia total
TWN,Taiwan,Non-ASEAN,2020-05-01,2020,5,2.0,20 modelled source markets only; NOT all-Malaysia total
TWN,Taiwan,Non-ASEAN,2020-06-01,2020,6,9.0,20 modelled source markets only; NOT all-Malaysia total
TWN,Taiwan,Non-ASEAN,2020-07-01,2020,7,33.0,20 modelled source markets only; NOT all-Malaysia total
TWN,Taiwan,Non-ASEAN,2020-08-01,2020,8,43.0,20 modelled source markets only; NOT all-Malaysia total
TWN,Taiwan,Non-ASEAN,2020-09-01,2020,9,96.0,20 modelled source markets only; NOT all-Malaysia total
TWN,Taiwan,Non-ASEAN,2020-10-01,2020,10,67.0,20 modelled source markets only; NOT all-Malaysia total
TWN,Taiwan,Non-ASEAN,2020-11-01,2020,11,52.0,20 modelled source markets only; NOT all-Malaysia total
TWN,Taiwan,Non-ASEAN,2020-12-01,2020,12,36.0,20 modelled source markets only; NOT all-Malaysia total
TWN,Taiwan,Non-ASEAN,2021-01-01,2021,1,58.0,20 modelled source markets only; NOT all-Malaysia total
TWN,Taiwan,Non-ASEAN,2021-02-01,2021,2,26.0,20 modelled source markets only; NOT all-Malaysia total
TWN,Taiwan,Non-ASEAN,2021-03-01,2021,3,64.0,20 modelled source markets only; NOT all-Malaysia total
TWN,Taiwan,Non-ASEAN,2021-04-01,2021,4,48.0,20 modelled source markets only; NOT all-Malaysia total
TWN,Taiwan,Non-ASEAN,2021-05-01,2021,5,33.0,20 modelled source markets only; NOT all-Malaysia total
TWN,Taiwan,Non-ASEAN,2021-06-01,2021,6,16.0,20 modelled source markets only; NOT all-Malaysia total
TWN,Taiwan,Non-ASEAN,2021-07-01,2021,7,28.0,20 modelled source markets only; NOT all-Malaysia total
TWN,Taiwan,Non-ASEAN,2021-08-01,2021,8,32.0,20 modelled source markets only; NOT all-Malaysia total
TWN,Taiwan,Non-ASEAN,2021-09-01,2021,9,21.0,20 modelled source markets only; NOT all-Malaysia total
TWN,Taiwan,Non-ASEAN,2021-10-01,2021,10,37.0,20 modelled source markets only; NOT all-Malaysia total
TWN,Taiwan,Non-ASEAN,2021-11-01,2021,11,63.0,20 modelled source markets only; NOT all-Malaysia total
TWN,Taiwan,Non-ASEAN,2021-12-01,2021,12,137.0,20 modelled source markets only; NOT all-Malaysia total
TWN,Taiwan,Non-ASEAN,2022-01-01,2022,1,134.0,20 modelled source markets only; NOT all-Malaysia total
TWN,Taiwan,Non-ASEAN,2022-02-01,2022,2,121.0,20 modelled source markets only; NOT all-Malaysia total
TWN,Taiwan,Non-ASEAN,2022-03-01,2022,3,151.0,20 modelled source markets only; NOT all-Malaysia total
TWN,Taiwan,Non-ASEAN,2022-04-01,2022,4,1520.0,20 modelled source markets only; NOT all-Malaysia total
TWN,Taiwan,Non-ASEAN,2022-05-01,2022,5,2236.0,20 modelled source markets only; NOT all-Malaysia total
TWN,Taiwan,Non-ASEAN,2022-06-01,2022,6,2955.0,20 modelled source markets only; NOT all-Malaysia total
TWN,Taiwan,Non-ASEAN,2022-07-01,2022,7,4066.0,20 modelled source markets only; NOT all-Malaysia total
TWN,Taiwan,Non-ASEAN,2022-08-01,2022,8,5098.0,20 modelled source markets only; NOT all-Malaysia total
TWN,Taiwan,Non-ASEAN,2022-09-01,2022,9,7622.0,20 modelled source markets only; NOT all-Malaysia total
TWN,Taiwan,Non-ASEAN,2022-10-01,2022,10,7311.0,20 modelled source markets only; NOT all-Malaysia total
TWN,Taiwan,Non-ASEAN,2022-11-01,2022,11,7490.0,20 modelled source markets only; NOT all-Malaysia total
TWN,Taiwan,Non-ASEAN,2022-12-01,2022,12,9428.0,20 modelled source markets only; NOT all-Malaysia total
TWN,Taiwan,Non-ASEAN,2023-01-01,2023,1,20531.0,20 modelled source markets only; NOT all-Malaysia total
TWN,Taiwan,Non-ASEAN,2023-02-01,2023,2,14502.0,20 modelled source markets only; NOT all-Malaysia total
TWN,Taiwan,Non-ASEAN,2023-03-01,2023,3,16715.0,20 modelled source markets only; NOT all-Malaysia total
TWN,Taiwan,Non-ASEAN,2023-04-01,2023,4,20213.0,20 modelled source markets only; NOT all-Malaysia total
TWN,Taiwan,Non-ASEAN,2023-05-01,2023,5,21174.0,20 modelled source markets only; NOT all-Malaysia total
TWN,Taiwan,Non-ASEAN,2023-06-01,2023,6,25671.0,20 modelled source markets only; NOT all-Malaysia total
TWN,Taiwan,Non-ASEAN,2023-07-01,2023,7,35115.0,20 modelled source markets only; NOT all-Malaysia total
TWN,Taiwan,Non-ASEAN,2023-08-01,2023,8,32738.0,20 modelled source markets only; NOT all-Malaysia total
TWN,Taiwan,Non-ASEAN,2023-09-01,2023,9,26521.0,20 modelled source markets only; NOT all-Malaysia total
TWN,Taiwan,Non-ASEAN,2023-10-01,2023,10,27462.0,20 modelled source markets only; NOT all-Malaysia total
TWN,Taiwan,Non-ASEAN,2023-11-01,2023,11,24184.0,20 modelled source markets only; NOT all-Malaysia total
TWN,Taiwan,Non-ASEAN,2023-12-01,2023,12,18554.0,20 modelled source markets only; NOT all-Malaysia total
TWN,Taiwan,Non-ASEAN,2024-01-01,2024,1,30793.0,20 modelled source markets only; NOT all-Malaysia total
TWN,Taiwan,Non-ASEAN,2024-02-01,2024,2,31606.0,20 modelled source markets only; NOT all-Malaysia total
TWN,Taiwan,Non-ASEAN,2024-03-01,2024,3,27748.0,20 modelled source markets only; NOT all-Malaysia total
TWN,Taiwan,Non-ASEAN,2024-04-01,2024,4,25056.0,20 modelled source markets only; NOT all-Malaysia total
TWN,Taiwan,Non-ASEAN,2024-05-01,2024,5,26024.0,20 modelled source markets only; NOT all-Malaysia total
TWN,Taiwan,Non-ASEAN,2024-06-01,2024,6,36811.0,20 modelled source markets only; NOT all-Malaysia total
TWN,Taiwan,Non-ASEAN,2024-07-01,2024,7,48586.0,20 modelled source markets only; NOT all-Malaysia total
TWN,Taiwan,Non-ASEAN,2024-08-01,2024,8,44494.0,20 modelled source markets only; NOT all-Malaysia total
TWN,Taiwan,Non-ASEAN,2024-09-01,2024,9,30685.0,20 modelled source markets only; NOT all-Malaysia total
TWN,Taiwan,Non-ASEAN,2024-10-01,2024,10,36049.0,20 modelled source markets only; NOT all-Malaysia total
TWN,Taiwan,Non-ASEAN,2024-11-01,2024,11,25654.0,20 modelled source markets only; NOT all-Malaysia total
TWN,Taiwan,Non-ASEAN,2024-12-01,2024,12,21909.0,20 modelled source markets only; NOT all-Malaysia total
TWN,Taiwan,Non-ASEAN,2025-01-01,2025,1,38338.0,20 modelled source markets only; NOT all-Malaysia total
TWN,Taiwan,Non-ASEAN,2025-02-01,2025,2,29369.0,20 modelled source markets only; NOT all-Malaysia total
TWN,Taiwan,Non-ASEAN,2025-03-01,2025,3,30504.0,20 modelled source markets only; NOT all-Malaysia total
TWN,Taiwan,Non-ASEAN,2025-04-01,2025,4,31227.0,20 modelled source markets only; NOT all-Malaysia total
TWN,Taiwan,Non-ASEAN,2025-05-01,2025,5,31210.0,20 modelled source markets only; NOT all-Malaysia total
TWN,Taiwan,Non-ASEAN,2025-06-01,2025,6,36076.0,20 modelled source markets only; NOT all-Malaysia total
TWN,Taiwan,Non-ASEAN,2025-07-01,2025,7,45219.0,20 modelled source markets only; NOT all-Malaysia total
TWN,Taiwan,Non-ASEAN,2025-08-01,2025,8,42382.0,20 modelled source markets only; NOT all-Malaysia total
TWN,Taiwan,Non-ASEAN,2025-09-01,2025,9,32477.0,20 modelled source markets only; NOT all-Malaysia total
TWN,Taiwan,Non-ASEAN,2025-10-01,2025,10,35806.0,20 modelled source markets only; NOT all-Malaysia total
TWN,Taiwan,Non-ASEAN,2025-11-01,2025,11,25837.0,20 modelled source markets only; NOT all-Malaysia total
TWN,Taiwan,Non-ASEAN,2025-12-01,2025,12,21622.0,20 modelled source markets only; NOT all-Malaysia total
TWN,Taiwan,Non-ASEAN,2026-01-01,2026,1,34340.0,20 modelled source markets only; NOT all-Malaysia total
TWN,Taiwan,Non-ASEAN,2026-02-01,2026,2,38765.0,20 modelled source markets only; NOT all-Malaysia total
TWN,Taiwan,Non-ASEAN,2026-03-01,2026,3,27002.0,20 modelled source markets only; NOT all-Malaysia total
TWN,Taiwan,Non-ASEAN,2026-04-01,2026,4,32053.0,20 modelled source markets only; NOT all-Malaysia total
TWN,Taiwan,Non-ASEAN,2026-05-01,2026,5,29048.0,20 modelled source markets only; NOT all-Malaysia total
USA,United States,Non-ASEAN,2017-03-01,2017,3,17610.0,20 modelled source markets only; NOT all-Malaysia total
USA,United States,Non-ASEAN,2017-04-01,2017,4,17148.0,20 modelled source markets only; NOT all-Malaysia total
USA,United States,Non-ASEAN,2017-05-01,2017,5,13771.0,20 modelled source markets only; NOT all-Malaysia total
USA,United States,Non-ASEAN,2017-06-01,2017,6,16665.0,20 modelled source markets only; NOT all-Malaysia total
USA,United States,Non-ASEAN,2017-07-01,2017,7,19173.0,20 modelled source markets only; NOT all-Malaysia total
USA,United States,Non-ASEAN,2017-08-01,2017,8,15482.0,20 modelled source markets only; NOT all-Malaysia total
USA,United States,Non-ASEAN,2017-09-01,2017,9,14618.0,20 modelled source markets only; NOT all-Malaysia total
USA,United States,Non-ASEAN,2017-10-01,2017,10,16628.0,20 modelled source markets only; NOT all-Malaysia total
USA,United States,Non-ASEAN,2017-11-01,2017,11,14993.0,20 modelled source markets only; NOT all-Malaysia total
USA,United States,Non-ASEAN,2017-12-01,2017,12,17488.0,20 modelled source markets only; NOT all-Malaysia total
USA,United States,Non-ASEAN,2018-01-01,2018,1,21654.0,20 modelled source markets only; NOT all-Malaysia total
USA,United States,Non-ASEAN,2018-02-01,2018,2,21689.0,20 modelled source markets only; NOT all-Malaysia total
USA,United States,Non-ASEAN,2018-03-01,2018,3,22450.0,20 modelled source markets only; NOT all-Malaysia total
USA,United States,Non-ASEAN,2018-04-01,2018,4,19577.0,20 modelled source markets only; NOT all-Malaysia total
USA,United States,Non-ASEAN,2018-05-01,2018,5,19572.0,20 modelled source markets only; NOT all-Malaysia total
USA,United States,Non-ASEAN,2018-06-01,2018,6,23409.0,20 modelled source markets only; NOT all-Malaysia total
USA,United States,Non-ASEAN,2018-07-01,2018,7,25779.0,20 modelled source markets only; NOT all-Malaysia total
USA,United States,Non-ASEAN,2018-08-01,2018,8,20146.0,20 modelled source markets only; NOT all-Malaysia total
USA,United States,Non-ASEAN,2018-09-01,2018,9,17521.0,20 modelled source markets only; NOT all-Malaysia total
USA,United States,Non-ASEAN,2018-10-01,2018,10,21611.0,20 modelled source markets only; NOT all-Malaysia total
USA,United States,Non-ASEAN,2018-11-01,2018,11,19096.0,20 modelled source markets only; NOT all-Malaysia total
USA,United States,Non-ASEAN,2018-12-01,2018,12,20880.0,20 modelled source markets only; NOT all-Malaysia total
USA,United States,Non-ASEAN,2019-01-01,2019,1,23886.0,20 modelled source markets only; NOT all-Malaysia total
USA,United States,Non-ASEAN,2019-02-01,2019,2,21734.0,20 modelled source markets only; NOT all-Malaysia total
USA,United States,Non-ASEAN,2019-03-01,2019,3,23192.0,20 modelled source markets only; NOT all-Malaysia total
USA,United States,Non-ASEAN,2019-04-01,2019,4,21953.0,20 modelled source markets only; NOT all-Malaysia total
USA,United States,Non-ASEAN,2019-05-01,2019,5,20452.0,20 modelled source markets only; NOT all-Malaysia total
USA,United States,Non-ASEAN,2019-06-01,2019,6,24901.0,20 modelled source markets only; NOT all-Malaysia total
USA,United States,Non-ASEAN,2019-07-01,2019,7,27462.0,20 modelled source markets only; NOT all-Malaysia total
USA,United States,Non-ASEAN,2019-08-01,2019,8,23234.0,20 modelled source markets only; NOT all-Malaysia total
USA,United States,Non-ASEAN,2019-09-01,2019,9,18688.0,20 modelled source markets only; NOT all-Malaysia total
USA,United States,Non-ASEAN,2019-10-01,2019,10,20642.0,20 modelled source markets only; NOT all-Malaysia total
USA,United States,Non-ASEAN,2019-11-01,2019,11,22062.0,20 modelled source markets only; NOT all-Malaysia total
USA,United States,Non-ASEAN,2019-12-01,2019,12,21722.0,20 modelled source markets only; NOT all-Malaysia total
USA,United States,Non-ASEAN,2020-01-01,2020,1,26294.0,20 modelled source markets only; NOT all-Malaysia total
USA,United States,Non-ASEAN,2020-02-01,2020,2,16012.0,20 modelled source markets only; NOT all-Malaysia total
USA,United States,Non-ASEAN,2020-03-01,2020,3,5902.0,20 modelled source markets only; NOT all-Malaysia total
USA,United States,Non-ASEAN,2020-04-01,2020,4,22.0,20 modelled source markets only; NOT all-Malaysia total
USA,United States,Non-ASEAN,2020-05-01,2020,5,12.0,20 modelled source markets only; NOT all-Malaysia total
USA,United States,Non-ASEAN,2020-06-01,2020,6,35.0,20 modelled source markets only; NOT all-Malaysia total
USA,United States,Non-ASEAN,2020-07-01,2020,7,70.0,20 modelled source markets only; NOT all-Malaysia total
USA,United States,Non-ASEAN,2020-08-01,2020,8,79.0,20 modelled source markets only; NOT all-Malaysia total
USA,United States,Non-ASEAN,2020-09-01,2020,9,176.0,20 modelled source markets only; NOT all-Malaysia total
USA,United States,Non-ASEAN,2020-10-01,2020,10,61.0,20 modelled source markets only; NOT all-Malaysia total
USA,United States,Non-ASEAN,2020-11-01,2020,11,61.0,20 modelled source markets only; NOT all-Malaysia total
USA,United States,Non-ASEAN,2020-12-01,2020,12,86.0,20 modelled source markets only; NOT all-Malaysia total
USA,United States,Non-ASEAN,2021-01-01,2021,1,110.0,20 modelled source markets only; NOT all-Malaysia total
USA,United States,Non-ASEAN,2021-02-01,2021,2,69.0,20 modelled source markets only; NOT all-Malaysia total
USA,United States,Non-ASEAN,2021-03-01,2021,3,88.0,20 modelled source markets only; NOT all-Malaysia total
USA,United States,Non-ASEAN,2021-04-01,2021,4,103.0,20 modelled source markets only; NOT all-Malaysia total
USA,United States,Non-ASEAN,2021-05-01,2021,5,111.0,20 modelled source markets only; NOT all-Malaysia total
USA,United States,Non-ASEAN,2021-06-01,2021,6,93.0,20 modelled source markets only; NOT all-Malaysia total
USA,United States,Non-ASEAN,2021-07-01,2021,7,207.0,20 modelled source markets only; NOT all-Malaysia total
USA,United States,Non-ASEAN,2021-08-01,2021,8,130.0,20 modelled source markets only; NOT all-Malaysia total
USA,United States,Non-ASEAN,2021-09-01,2021,9,142.0,20 modelled source markets only; NOT all-Malaysia total
USA,United States,Non-ASEAN,2021-10-01,2021,10,177.0,20 modelled source markets only; NOT all-Malaysia total
USA,United States,Non-ASEAN,2021-11-01,2021,11,260.0,20 modelled source markets only; NOT all-Malaysia total
USA,United States,Non-ASEAN,2021-12-01,2021,12,540.0,20 modelled source markets only; NOT all-Malaysia total
USA,United States,Non-ASEAN,2022-01-01,2022,1,643.0,20 modelled source markets only; NOT all-Malaysia total
USA,United States,Non-ASEAN,2022-02-01,2022,2,512.0,20 modelled source markets only; NOT all-Malaysia total
USA,United States,Non-ASEAN,2022-03-01,2022,3,699.0,20 modelled source markets only; NOT all-Malaysia total
USA,United States,Non-ASEAN,2022-04-01,2022,4,4309.0,20 modelled source markets only; NOT all-Malaysia total
USA,United States,Non-ASEAN,2022-05-01,2022,5,7278.0,20 modelled source markets only; NOT all-Malaysia total
USA,United States,Non-ASEAN,2022-06-01,2022,6,11100.0,20 modelled source markets only; NOT all-Malaysia total
USA,United States,Non-ASEAN,2022-07-01,2022,7,13531.0,20 modelled source markets only; NOT all-Malaysia total
USA,United States,Non-ASEAN,2022-08-01,2022,8,11882.0,20 modelled source markets only; NOT all-Malaysia total
USA,United States,Non-ASEAN,2022-09-01,2022,9,11710.0,20 modelled source markets only; NOT all-Malaysia total
USA,United States,Non-ASEAN,2022-10-01,2022,10,14441.0,20 modelled source markets only; NOT all-Malaysia total
USA,United States,Non-ASEAN,2022-11-01,2022,11,14799.0,20 modelled source markets only; NOT all-Malaysia total
USA,United States,Non-ASEAN,2022-12-01,2022,12,17237.0,20 modelled source markets only; NOT all-Malaysia total
USA,United States,Non-ASEAN,2023-01-01,2023,1,17276.0,20 modelled source markets only; NOT all-Malaysia total
USA,United States,Non-ASEAN,2023-02-01,2023,2,15643.0,20 modelled source markets only; NOT all-Malaysia total
USA,United States,Non-ASEAN,2023-03-01,2023,3,18248.0,20 modelled source markets only; NOT all-Malaysia total
USA,United States,Non-ASEAN,2023-04-01,2023,4,15635.0,20 modelled source markets only; NOT all-Malaysia total
USA,United States,Non-ASEAN,2023-05-01,2023,5,16812.0,20 modelled source markets only; NOT all-Malaysia total
USA,United States,Non-ASEAN,2023-06-01,2023,6,17965.0,20 modelled source markets only; NOT all-Malaysia total
USA,United States,Non-ASEAN,2023-07-01,2023,7,23846.0,20 modelled source markets only; NOT all-Malaysia total
USA,United States,Non-ASEAN,2023-08-01,2023,8,18734.0,20 modelled source markets only; NOT all-Malaysia total
USA,United States,Non-ASEAN,2023-09-01,2023,9,18284.0,20 modelled source markets only; NOT all-Malaysia total
USA,United States,Non-ASEAN,2023-10-01,2023,10,18403.0,20 modelled source markets only; NOT all-Malaysia total
USA,United States,Non-ASEAN,2023-11-01,2023,11,20104.0,20 modelled source markets only; NOT all-Malaysia total
USA,United States,Non-ASEAN,2023-12-01,2023,12,28526.0,20 modelled source markets only; NOT all-Malaysia total
USA,United States,Non-ASEAN,2024-01-01,2024,1,22413.0,20 modelled source markets only; NOT all-Malaysia total
USA,United States,Non-ASEAN,2024-02-01,2024,2,22841.0,20 modelled source markets only; NOT all-Malaysia total
USA,United States,Non-ASEAN,2024-03-01,2024,3,24820.0,20 modelled source markets only; NOT all-Malaysia total
USA,United States,Non-ASEAN,2024-04-01,2024,4,19926.0,20 modelled source markets only; NOT all-Malaysia total
USA,United States,Non-ASEAN,2024-05-01,2024,5,19807.0,20 modelled source markets only; NOT all-Malaysia total
USA,United States,Non-ASEAN,2024-06-01,2024,6,24667.0,20 modelled source markets only; NOT all-Malaysia total
USA,United States,Non-ASEAN,2024-07-01,2024,7,26331.0,20 modelled source markets only; NOT all-Malaysia total
USA,United States,Non-ASEAN,2024-08-01,2024,8,21410.0,20 modelled source markets only; NOT all-Malaysia total
USA,United States,Non-ASEAN,2024-09-01,2024,9,17957.0,20 modelled source markets only; NOT all-Malaysia total
USA,United States,Non-ASEAN,2024-10-01,2024,10,22572.0,20 modelled source markets only; NOT all-Malaysia total
USA,United States,Non-ASEAN,2024-11-01,2024,11,22664.0,20 modelled source markets only; NOT all-Malaysia total
USA,United States,Non-ASEAN,2024-12-01,2024,12,26401.0,20 modelled source markets only; NOT all-Malaysia total
USA,United States,Non-ASEAN,2025-01-01,2025,1,29420.0,20 modelled source markets only; NOT all-Malaysia total
USA,United States,Non-ASEAN,2025-02-01,2025,2,24382.0,20 modelled source markets only; NOT all-Malaysia total
USA,United States,Non-ASEAN,2025-03-01,2025,3,24944.0,20 modelled source markets only; NOT all-Malaysia total
USA,United States,Non-ASEAN,2025-04-01,2025,4,20994.0,20 modelled source markets only; NOT all-Malaysia total
USA,United States,Non-ASEAN,2025-05-01,2025,5,20540.0,20 modelled source markets only; NOT all-Malaysia total
USA,United States,Non-ASEAN,2025-06-01,2025,6,24699.0,20 modelled source markets only; NOT all-Malaysia total
USA,United States,Non-ASEAN,2025-07-01,2025,7,25840.0,20 modelled source markets only; NOT all-Malaysia total
USA,United States,Non-ASEAN,2025-08-01,2025,8,20490.0,20 modelled source markets only; NOT all-Malaysia total
USA,United States,Non-ASEAN,2025-09-01,2025,9,18369.0,20 modelled source markets only; NOT all-Malaysia total
USA,United States,Non-ASEAN,2025-10-01,2025,10,23397.0,20 modelled source markets only; NOT all-Malaysia total
USA,United States,Non-ASEAN,2025-11-01,2025,11,28202.0,20 modelled source markets only; NOT all-Malaysia total
USA,United States,Non-ASEAN,2025-12-01,2025,12,30488.0,20 modelled source markets only; NOT all-Malaysia total
USA,United States,Non-ASEAN,2026-01-01,2026,1,30457.0,20 modelled source markets only; NOT all-Malaysia total
USA,United States,Non-ASEAN,2026-02-01,2026,2,27649.0,20 modelled source markets only; NOT all-Malaysia total
USA,United States,Non-ASEAN,2026-03-01,2026,3,27027.0,20 modelled source markets only; NOT all-Malaysia total
USA,United States,Non-ASEAN,2026-04-01,2026,4,21555.0,20 modelled source markets only; NOT all-Malaysia total
USA,United States,Non-ASEAN,2026-05-01,2026,5,19992.0,20 modelled source markets only; NOT all-Malaysia total
VNM,Vietnam,ASEAN,2017-03-01,2017,3,18866.0,20 modelled source markets only; NOT all-Malaysia total
VNM,Vietnam,ASEAN,2017-04-01,2017,4,19841.0,20 modelled source markets only; NOT all-Malaysia total
VNM,Vietnam,ASEAN,2017-05-01,2017,5,19053.0,20 modelled source markets only; NOT all-Malaysia total
VNM,Vietnam,ASEAN,2017-06-01,2017,6,29059.0,20 modelled source markets only; NOT all-Malaysia total
VNM,Vietnam,ASEAN,2017-07-01,2017,7,31963.0,20 modelled source markets only; NOT all-Malaysia total
VNM,Vietnam,ASEAN,2017-08-01,2017,8,24493.0,20 modelled source markets only; NOT all-Malaysia total
VNM,Vietnam,ASEAN,2017-09-01,2017,9,19101.0,20 modelled source markets only; NOT all-Malaysia total
VNM,Vietnam,ASEAN,2017-10-01,2017,10,18576.0,20 modelled source markets only; NOT all-Malaysia total
VNM,Vietnam,ASEAN,2017-11-01,2017,11,16593.0,20 modelled source markets only; NOT all-Malaysia total
VNM,Vietnam,ASEAN,2017-12-01,2017,12,16281.0,20 modelled source markets only; NOT all-Malaysia total
VNM,Vietnam,ASEAN,2018-01-01,2018,1,22060.0,20 modelled source markets only; NOT all-Malaysia total
VNM,Vietnam,ASEAN,2018-02-01,2018,2,27173.0,20 modelled source markets only; NOT all-Malaysia total
VNM,Vietnam,ASEAN,2018-03-01,2018,3,29688.0,20 modelled source markets only; NOT all-Malaysia total
VNM,Vietnam,ASEAN,2018-04-01,2018,4,29846.0,20 modelled source markets only; NOT all-Malaysia total
VNM,Vietnam,ASEAN,2018-05-01,2018,5,31424.0,20 modelled source markets only; NOT all-Malaysia total
VNM,Vietnam,ASEAN,2018-06-01,2018,6,44705.0,20 modelled source markets only; NOT all-Malaysia total
VNM,Vietnam,ASEAN,2018-07-01,2018,7,52163.0,20 modelled source markets only; NOT all-Malaysia total
VNM,Vietnam,ASEAN,2018-08-01,2018,8,39476.0,20 modelled source markets only; NOT all-Malaysia total
VNM,Vietnam,ASEAN,2018-09-01,2018,9,27489.0,20 modelled source markets only; NOT all-Malaysia total
VNM,Vietnam,ASEAN,2018-10-01,2018,10,26948.0,20 modelled source markets only; NOT all-Malaysia total
VNM,Vietnam,ASEAN,2018-11-01,2018,11,21854.0,20 modelled source markets only; NOT all-Malaysia total
VNM,Vietnam,ASEAN,2018-12-01,2018,12,22752.0,20 modelled source markets only; NOT all-Malaysia total
VNM,Vietnam,ASEAN,2019-01-01,2019,1,22002.0,20 modelled source markets only; NOT all-Malaysia total
VNM,Vietnam,ASEAN,2019-02-01,2019,2,32153.0,20 modelled source markets only; NOT all-Malaysia total
VNM,Vietnam,ASEAN,2019-03-01,2019,3,29981.0,20 modelled source markets only; NOT all-Malaysia total
VNM,Vietnam,ASEAN,2019-04-01,2019,4,32608.0,20 modelled source markets only; NOT all-Malaysia total
VNM,Vietnam,ASEAN,2019-05-01,2019,5,33436.0,20 modelled source markets only; NOT all-Malaysia total
VNM,Vietnam,ASEAN,2019-06-01,2019,6,50134.0,20 modelled source markets only; NOT all-Malaysia total
VNM,Vietnam,ASEAN,2019-07-01,2019,7,53653.0,20 modelled source markets only; NOT all-Malaysia total
VNM,Vietnam,ASEAN,2019-08-01,2019,8,39847.0,20 modelled source markets only; NOT all-Malaysia total
VNM,Vietnam,ASEAN,2019-09-01,2019,9,29579.0,20 modelled source markets only; NOT all-Malaysia total
VNM,Vietnam,ASEAN,2019-10-01,2019,10,28852.0,20 modelled source markets only; NOT all-Malaysia total
VNM,Vietnam,ASEAN,2019-11-01,2019,11,27822.0,20 modelled source markets only; NOT all-Malaysia total
VNM,Vietnam,ASEAN,2019-12-01,2019,12,20279.0,20 modelled source markets only; NOT all-Malaysia total
VNM,Vietnam,ASEAN,2020-01-01,2020,1,29779.0,20 modelled source markets only; NOT all-Malaysia total
VNM,Vietnam,ASEAN,2020-02-01,2020,2,25454.0,20 modelled source markets only; NOT all-Malaysia total
VNM,Vietnam,ASEAN,2020-03-01,2020,3,8134.0,20 modelled source markets only; NOT all-Malaysia total
VNM,Vietnam,ASEAN,2020-04-01,2020,4,15.0,20 modelled source markets only; NOT all-Malaysia total
VNM,Vietnam,ASEAN,2020-05-01,2020,5,49.0,20 modelled source markets only; NOT all-Malaysia total
VNM,Vietnam,ASEAN,2020-06-01,2020,6,2.0,20 modelled source markets only; NOT all-Malaysia total
VNM,Vietnam,ASEAN,2020-07-01,2020,7,330.0,20 modelled source markets only; NOT all-Malaysia total
VNM,Vietnam,ASEAN,2020-08-01,2020,8,100.0,20 modelled source markets only; NOT all-Malaysia total
VNM,Vietnam,ASEAN,2020-09-01,2020,9,106.0,20 modelled source markets only; NOT all-Malaysia total
VNM,Vietnam,ASEAN,2020-10-01,2020,10,48.0,20 modelled source markets only; NOT all-Malaysia total
VNM,Vietnam,ASEAN,2020-11-01,2020,11,119.0,20 modelled source markets only; NOT all-Malaysia total
VNM,Vietnam,ASEAN,2020-12-01,2020,12,48.0,20 modelled source markets only; NOT all-Malaysia total
VNM,Vietnam,ASEAN,2021-01-01,2021,1,45.0,20 modelled source markets only; NOT all-Malaysia total
VNM,Vietnam,ASEAN,2021-02-01,2021,2,18.0,20 modelled source markets only; NOT all-Malaysia total
VNM,Vietnam,ASEAN,2021-03-01,2021,3,42.0,20 modelled source markets only; NOT all-Malaysia total
VNM,Vietnam,ASEAN,2021-04-01,2021,4,50.0,20 modelled source markets only; NOT all-Malaysia total
VNM,Vietnam,ASEAN,2021-05-01,2021,5,49.0,20 modelled source markets only; NOT all-Malaysia total
VNM,Vietnam,ASEAN,2021-06-01,2021,6,26.0,20 modelled source markets only; NOT all-Malaysia total
VNM,Vietnam,ASEAN,2021-07-01,2021,7,20.0,20 modelled source markets only; NOT all-Malaysia total
VNM,Vietnam,ASEAN,2021-08-01,2021,8,17.0,20 modelled source markets only; NOT all-Malaysia total
VNM,Vietnam,ASEAN,2021-09-01,2021,9,26.0,20 modelled source markets only; NOT all-Malaysia total
VNM,Vietnam,ASEAN,2021-10-01,2021,10,63.0,20 modelled source markets only; NOT all-Malaysia total
VNM,Vietnam,ASEAN,2021-11-01,2021,11,64.0,20 modelled source markets only; NOT all-Malaysia total
VNM,Vietnam,ASEAN,2021-12-01,2021,12,163.0,20 modelled source markets only; NOT all-Malaysia total
VNM,Vietnam,ASEAN,2022-01-01,2022,1,163.0,20 modelled source markets only; NOT all-Malaysia total
VNM,Vietnam,ASEAN,2022-02-01,2022,2,253.0,20 modelled source markets only; NOT all-Malaysia total
VNM,Vietnam,ASEAN,2022-03-01,2022,3,549.0,20 modelled source markets only; NOT all-Malaysia total
VNM,Vietnam,ASEAN,2022-04-01,2022,4,6590.0,20 modelled source markets only; NOT all-Malaysia total
VNM,Vietnam,ASEAN,2022-05-01,2022,5,11552.0,20 modelled source markets only; NOT all-Malaysia total
VNM,Vietnam,ASEAN,2022-06-01,2022,6,18160.0,20 modelled source markets only; NOT all-Malaysia total
VNM,Vietnam,ASEAN,2022-07-01,2022,7,24326.0,20 modelled source markets only; NOT all-Malaysia total
VNM,Vietnam,ASEAN,2022-08-01,2022,8,26031.0,20 modelled source markets only; NOT all-Malaysia total
VNM,Vietnam,ASEAN,2022-09-01,2022,9,22856.0,20 modelled source markets only; NOT all-Malaysia total
VNM,Vietnam,ASEAN,2022-10-01,2022,10,23497.0,20 modelled source markets only; NOT all-Malaysia total
VNM,Vietnam,ASEAN,2022-11-01,2022,11,19836.0,20 modelled source markets only; NOT all-Malaysia total
VNM,Vietnam,ASEAN,2022-12-01,2022,12,19950.0,20 modelled source markets only; NOT all-Malaysia total
VNM,Vietnam,ASEAN,2023-01-01,2023,1,20939.0,20 modelled source markets only; NOT all-Malaysia total
VNM,Vietnam,ASEAN,2023-02-01,2023,2,21227.0,20 modelled source markets only; NOT all-Malaysia total
VNM,Vietnam,ASEAN,2023-03-01,2023,3,30014.0,20 modelled source markets only; NOT all-Malaysia total
VNM,Vietnam,ASEAN,2023-04-01,2023,4,25959.0,20 modelled source markets only; NOT all-Malaysia total
VNM,Vietnam,ASEAN,2023-05-01,2023,5,32905.0,20 modelled source markets only; NOT all-Malaysia total
VNM,Vietnam,ASEAN,2023-06-01,2023,6,30751.0,20 modelled source markets only; NOT all-Malaysia total
VNM,Vietnam,ASEAN,2023-07-01,2023,7,44187.0,20 modelled source markets only; NOT all-Malaysia total
VNM,Vietnam,ASEAN,2023-08-01,2023,8,38159.0,20 modelled source markets only; NOT all-Malaysia total
VNM,Vietnam,ASEAN,2023-09-01,2023,9,28711.0,20 modelled source markets only; NOT all-Malaysia total
VNM,Vietnam,ASEAN,2023-10-01,2023,10,26716.0,20 modelled source markets only; NOT all-Malaysia total
VNM,Vietnam,ASEAN,2023-11-01,2023,11,24135.0,20 modelled source markets only; NOT all-Malaysia total
VNM,Vietnam,ASEAN,2023-12-01,2023,12,20658.0,20 modelled source markets only; NOT all-Malaysia total
VNM,Vietnam,ASEAN,2024-01-01,2024,1,20208.0,20 modelled source markets only; NOT all-Malaysia total
VNM,Vietnam,ASEAN,2024-02-01,2024,2,26774.0,20 modelled source markets only; NOT all-Malaysia total
VNM,Vietnam,ASEAN,2024-03-01,2024,3,29873.0,20 modelled source markets only; NOT all-Malaysia total
VNM,Vietnam,ASEAN,2024-04-01,2024,4,27177.0,20 modelled source markets only; NOT all-Malaysia total
VNM,Vietnam,ASEAN,2024-05-01,2024,5,27100.0,20 modelled source markets only; NOT all-Malaysia total
VNM,Vietnam,ASEAN,2024-06-01,2024,6,36883.0,20 modelled source markets only; NOT all-Malaysia total
VNM,Vietnam,ASEAN,2024-07-01,2024,7,39356.0,20 modelled source markets only; NOT all-Malaysia total
VNM,Vietnam,ASEAN,2024-08-01,2024,8,35996.0,20 modelled source markets only; NOT all-Malaysia total
VNM,Vietnam,ASEAN,2024-09-01,2024,9,21701.0,20 modelled source markets only; NOT all-Malaysia total
VNM,Vietnam,ASEAN,2024-10-01,2024,10,23058.0,20 modelled source markets only; NOT all-Malaysia total
VNM,Vietnam,ASEAN,2024-11-01,2024,11,21436.0,20 modelled source markets only; NOT all-Malaysia total
VNM,Vietnam,ASEAN,2024-12-01,2024,12,20627.0,20 modelled source markets only; NOT all-Malaysia total
VNM,Vietnam,ASEAN,2025-01-01,2025,1,24613.0,20 modelled source markets only; NOT all-Malaysia total
VNM,Vietnam,ASEAN,2025-02-01,2025,2,23915.0,20 modelled source markets only; NOT all-Malaysia total
VNM,Vietnam,ASEAN,2025-03-01,2025,3,22297.0,20 modelled source markets only; NOT all-Malaysia total
VNM,Vietnam,ASEAN,2025-04-01,2025,4,21758.0,20 modelled source markets only; NOT all-Malaysia total
VNM,Vietnam,ASEAN,2025-05-01,2025,5,24732.0,20 modelled source markets only; NOT all-Malaysia total
VNM,Vietnam,ASEAN,2025-06-01,2025,6,28824.0,20 modelled source markets only; NOT all-Malaysia total
VNM,Vietnam,ASEAN,2025-07-01,2025,7,31087.0,20 modelled source markets only; NOT all-Malaysia total
VNM,Vietnam,ASEAN,2025-08-01,2025,8,28375.0,20 modelled source markets only; NOT all-Malaysia total
VNM,Vietnam,ASEAN,2025-09-01,2025,9,23293.0,20 modelled source markets only; NOT all-Malaysia total
VNM,Vietnam,ASEAN,2025-10-01,2025,10,21213.0,20 modelled source markets only; NOT all-Malaysia total
VNM,Vietnam,ASEAN,2025-11-01,2025,11,19025.0,20 modelled source markets only; NOT all-Malaysia total
VNM,Vietnam,ASEAN,2025-12-01,2025,12,16733.0,20 modelled source markets only; NOT all-Malaysia total
VNM,Vietnam,ASEAN,2026-01-01,2026,1,18340.0,20 modelled source markets only; NOT all-Malaysia total
VNM,Vietnam,ASEAN,2026-02-01,2026,2,20270.0,20 modelled source markets only; NOT all-Malaysia total
VNM,Vietnam,ASEAN,2026-03-01,2026,3,21660.0,20 modelled source markets only; NOT all-Malaysia total
VNM,Vietnam,ASEAN,2026-04-01,2026,4,22916.0,20 modelled source markets only; NOT all-Malaysia total
VNM,Vietnam,ASEAN,2026-05-01,2026,5,21964.0,20 modelled source markets only; NOT all-Malaysia total
